:START_ID(InsurancePlan),:END_ID(Practice),:TYPE
RADD:100000,RADD,ISSUED_BY_PRACTICE
RADJ:100004,RADJ,ISSUED_BY_PRACTICE
RADN:100012,RADN,ISSUED_BY_PRACTICE
PXP:100015,PXP,ISSUED_BY_PRACTICE
RASFA:100018,RASFA,ISSUED_BY_PRACTICE
RADB:100027,RADB,ISSUED_BY_PRACTICE
SMED:100034,SMED,ISSUED_BY_PRACTICE
RADJ:100039,RADJ,ISSUED_BY_PRACTICE
RADT:100045,RADT,ISSUED_BY_PRACTICE
TRI:100051,TRI,ISSUED_BY_PRACTICE
NRAA:100058,NRAA,ISSUED_BY_PRACTICE
RADI2:100059,RADI2,ISSUED_BY_PRACTICE
RADI:100065,RADI,ISSUED_BY_PRACTICE
RADG:100074,RADG,ISSUED_BY_PRACTICE
GSIA:100080,GSIA,ISSUED_BY_PRACTICE
RADQ:100089,RADQ,ISSUED_BY_PRACTICE
ACR:100098,ACR,ISSUED_BY_PRACTICE
RADS2:100099,RADS2,ISSUED_BY_PRACTICE
RADA:100103,RADA,ISSUED_BY_PRACTICE
RADI:100111,RADI,ISSUED_BY_PRACTICE
RADE:100119,RADE,ISSUED_BY_PRACTICE
WRAD:100122,WRAD,ISSUED_BY_PRACTICE
RADL:100125,RADL,ISSUED_BY_PRACTICE
RADK:100128,RADK,ISSUED_BY_PRACTICE
RADO:100136,RADO,ISSUED_BY_PRACTICE
SAPA:100137,SAPA,ISSUED_BY_PRACTICE
RADY:100146,RADY,ISSUED_BY_PRACTICE
ESR:100154,ESR,ISSUED_BY_PRACTICE
RADX:100161,RADX,ISSUED_BY_PRACTICE
SAPA:100166,SAPA,ISSUED_BY_PRACTICE
RADI:100174,RADI,ISSUED_BY_PRACTICE
CRC:100181,CRC,ISSUED_BY_PRACTICE
RADZ:100189,RADZ,ISSUED_BY_PRACTICE
RADD:100191,RADD,ISSUED_BY_PRACTICE
RADI:100197,RADI,ISSUED_BY_PRACTICE
RADU:100204,RADU,ISSUED_BY_PRACTICE
RADI:100209,RADI,ISSUED_BY_PRACTICE
RADI:100217,RADI,ISSUED_BY_PRACTICE
RADI2:100218,RADI2,ISSUED_BY_PRACTICE
RADU:100221,RADU,ISSUED_BY_PRACTICE
RASFA:100227,RASFA,ISSUED_BY_PRACTICE
RADZ:100232,RADZ,ISSUED_BY_PRACTICE
RADG:100233,RADG,ISSUED_BY_PRACTICE
MRB:100235,MRB,ISSUED_BY_PRACTICE
PMR:100237,PMR,ISSUED_BY_PRACTICE
NRAA:100242,NRAA,ISSUED_BY_PRACTICE
RADU:100249,RADU,ISSUED_BY_PRACTICE
RADX:100256,RADX,ISSUED_BY_PRACTICE
RADH:100261,RADH,ISSUED_BY_PRACTICE
PXP:100268,PXP,ISSUED_BY_PRACTICE
RADK:100276,RADK,ISSUED_BY_PRACTICE
SMED:100277,SMED,ISSUED_BY_PRACTICE
GRH:100286,GRH,ISSUED_BY_PRACTICE
MRB:100294,MRB,ISSUED_BY_PRACTICE
RADK:100303,RADK,ISSUED_BY_PRACTICE
RADR:100308,RADR,ISSUED_BY_PRACTICE
RADP:100309,RADP,ISSUED_BY_PRACTICE
RADS:100313,RADS,ISSUED_BY_PRACTICE
RADN:100316,RADN,ISSUED_BY_PRACTICE
RADC:100321,RADC,ISSUED_BY_PRACTICE
RADL:100327,RADL,ISSUED_BY_PRACTICE
RADG:100336,RADG,ISSUED_BY_PRACTICE
RADZ:100337,RADZ,ISSUED_BY_PRACTICE
CIRPA:100343,CIRPA,ISSUED_BY_PRACTICE
RADY:100351,RADY,ISSUED_BY_PRACTICE
WRAD:100353,WRAD,ISSUED_BY_PRACTICE
RADS:100361,RADS,ISSUED_BY_PRACTICE
SAPA:100364,SAPA,ISSUED_BY_PRACTICE
RADR:100368,RADR,ISSUED_BY_PRACTICE
SMED:100374,SMED,ISSUED_BY_PRACTICE
RADO:100383,RADO,ISSUED_BY_PRACTICE
MRB:100384,MRB,ISSUED_BY_PRACTICE
RASFA:100388,RASFA,ISSUED_BY_PRACTICE
RADM:100393,RADM,ISSUED_BY_PRACTICE
CRC:100399,CRC,ISSUED_BY_PRACTICE
RADF:100404,RADF,ISSUED_BY_PRACTICE
RADS2:100410,RADS2,ISSUED_BY_PRACTICE
RADZ:100419,RADZ,ISSUED_BY_PRACTICE
RADO:100422,RADO,ISSUED_BY_PRACTICE
GSIA:100424,GSIA,ISSUED_BY_PRACTICE
RADS:100426,RADS,ISSUED_BY_PRACTICE
RADH:100429,RADH,ISSUED_BY_PRACTICE
TRI:100437,TRI,ISSUED_BY_PRACTICE
RADU:100439,RADU,ISSUED_BY_PRACTICE
SAPA:100441,SAPA,ISSUED_BY_PRACTICE
PXP:100442,PXP,ISSUED_BY_PRACTICE
RADR:100449,RADR,ISSUED_BY_PRACTICE
RADO:100452,RADO,ISSUED_BY_PRACTICE
RADM:100457,RADM,ISSUED_BY_PRACTICE
RADG:100459,RADG,ISSUED_BY_PRACTICE
RADP:100463,RADP,ISSUED_BY_PRACTICE
RADS:100469,RADS,ISSUED_BY_PRACTICE
RADR:100477,RADR,ISSUED_BY_PRACTICE
RADS:100478,RADS,ISSUED_BY_PRACTICE
RADM:100484,RADM,ISSUED_BY_PRACTICE
RADH:100492,RADH,ISSUED_BY_PRACTICE
RASFA:100497,RASFA,ISSUED_BY_PRACTICE
PMR:100500,PMR,ISSUED_BY_PRACTICE
MRB:100501,MRB,ISSUED_BY_PRACTICE
RADL:100502,RADL,ISSUED_BY_PRACTICE
ACRB:100511,ACRB,ISSUED_BY_PRACTICE
RADL:100518,RADL,ISSUED_BY_PRACTICE
ACR:100519,ACR,ISSUED_BY_PRACTICE
RADL:100527,RADL,ISSUED_BY_PRACTICE
GRH:100534,GRH,ISSUED_BY_PRACTICE
RADI:100542,RADI,ISSUED_BY_PRACTICE
WRAD:100546,WRAD,ISSUED_BY_PRACTICE
RADQ:100551,RADQ,ISSUED_BY_PRACTICE
RADS:100560,RADS,ISSUED_BY_PRACTICE
NRA:100564,NRA,ISSUED_BY_PRACTICE
ESR:100572,ESR,ISSUED_BY_PRACTICE
ESR:100574,ESR,ISSUED_BY_PRACTICE
GRH:100579,GRH,ISSUED_BY_PRACTICE
RADS:100588,RADS,ISSUED_BY_PRACTICE
PXP:100596,PXP,ISSUED_BY_PRACTICE
PXP:100601,PXP,ISSUED_BY_PRACTICE
RADA:100603,RADA,ISSUED_BY_PRACTICE
RADL:100609,RADL,ISSUED_BY_PRACTICE
RADM:100616,RADM,ISSUED_BY_PRACTICE
RADL:100622,RADL,ISSUED_BY_PRACTICE
RADR:100626,RADR,ISSUED_BY_PRACTICE
RADP:100629,RADP,ISSUED_BY_PRACTICE
RADG:100636,RADG,ISSUED_BY_PRACTICE
ACR:100638,ACR,ISSUED_BY_PRACTICE
IAI:100639,IAI,ISSUED_BY_PRACTICE
RADB:100642,RADB,ISSUED_BY_PRACTICE
RADS:100647,RADS,ISSUED_BY_PRACTICE
RADR:100655,RADR,ISSUED_BY_PRACTICE
RADA:100658,RADA,ISSUED_BY_PRACTICE
RADM:100663,RADM,ISSUED_BY_PRACTICE
RADI:100668,RADI,ISSUED_BY_PRACTICE
RADR:100669,RADR,ISSUED_BY_PRACTICE
RADZ:100677,RADZ,ISSUED_BY_PRACTICE
GSIA:100682,GSIA,ISSUED_BY_PRACTICE
RADF:100687,RADF,ISSUED_BY_PRACTICE
RADB:100689,RADB,ISSUED_BY_PRACTICE
WRAD:100692,WRAD,ISSUED_BY_PRACTICE
RADS2:100697,RADS2,ISSUED_BY_PRACTICE
RADI:100702,RADI,ISSUED_BY_PRACTICE
RADK:100705,RADK,ISSUED_BY_PRACTICE
RADU:100711,RADU,ISSUED_BY_PRACTICE
WRAD:100717,WRAD,ISSUED_BY_PRACTICE
TRI:100719,TRI,ISSUED_BY_PRACTICE
NRAA:100721,NRAA,ISSUED_BY_PRACTICE
SAPA:100729,SAPA,ISSUED_BY_PRACTICE
RADZ:100738,RADZ,ISSUED_BY_PRACTICE
CIRPA:100747,CIRPA,ISSUED_BY_PRACTICE
RADB:100755,RADB,ISSUED_BY_PRACTICE
IAI:100757,IAI,ISSUED_BY_PRACTICE
RADX:100762,RADX,ISSUED_BY_PRACTICE
WRAD:100763,WRAD,ISSUED_BY_PRACTICE
WRAD:100767,WRAD,ISSUED_BY_PRACTICE
RADG:100769,RADG,ISSUED_BY_PRACTICE
RADG:100778,RADG,ISSUED_BY_PRACTICE
GRH:100780,GRH,ISSUED_BY_PRACTICE
RADQ:100785,RADQ,ISSUED_BY_PRACTICE
ACR:100790,ACR,ISSUED_BY_PRACTICE
RADU:100797,RADU,ISSUED_BY_PRACTICE
GSIA:100805,GSIA,ISSUED_BY_PRACTICE
RADL:100813,RADL,ISSUED_BY_PRACTICE
RASFA:100814,RASFA,ISSUED_BY_PRACTICE
GSIA:100821,GSIA,ISSUED_BY_PRACTICE
ESR:100829,ESR,ISSUED_BY_PRACTICE
RADN:100831,RADN,ISSUED_BY_PRACTICE
RADI:100835,RADI,ISSUED_BY_PRACTICE
NRA:100839,NRA,ISSUED_BY_PRACTICE
NRAA:100845,NRAA,ISSUED_BY_PRACTICE
RADJ:100847,RADJ,ISSUED_BY_PRACTICE
RADJ:100851,RADJ,ISSUED_BY_PRACTICE
RADO:100853,RADO,ISSUED_BY_PRACTICE
RADX:100858,RADX,ISSUED_BY_PRACTICE
RADB:100859,RADB,ISSUED_BY_PRACTICE
RADP:100861,RADP,ISSUED_BY_PRACTICE
RADO:100868,RADO,ISSUED_BY_PRACTICE
ACR:100874,ACR,ISSUED_BY_PRACTICE
RADR:100878,RADR,ISSUED_BY_PRACTICE
GRH:100883,GRH,ISSUED_BY_PRACTICE
RADI2:100889,RADI2,ISSUED_BY_PRACTICE
IAI:100897,IAI,ISSUED_BY_PRACTICE
RADQ:100901,RADQ,ISSUED_BY_PRACTICE
RADD:100910,RADD,ISSUED_BY_PRACTICE
RADH:100914,RADH,ISSUED_BY_PRACTICE
MRB:100922,MRB,ISSUED_BY_PRACTICE
RADF:100926,RADF,ISSUED_BY_PRACTICE
ACR:100935,ACR,ISSUED_BY_PRACTICE
RADG:100938,RADG,ISSUED_BY_PRACTICE
IAI:100939,IAI,ISSUED_BY_PRACTICE
RADI2:100947,RADI2,ISSUED_BY_PRACTICE
ACR:100953,ACR,ISSUED_BY_PRACTICE
NRAA:100961,NRAA,ISSUED_BY_PRACTICE
RADP:100965,RADP,ISSUED_BY_PRACTICE
RADX:100972,RADX,ISSUED_BY_PRACTICE
RADX:100974,RADX,ISSUED_BY_PRACTICE
RADP:100983,RADP,ISSUED_BY_PRACTICE
RADJ:100987,RADJ,ISSUED_BY_PRACTICE
MRB:100996,MRB,ISSUED_BY_PRACTICE
GSIA:101002,GSIA,ISSUED_BY_PRACTICE
RADG:101010,RADG,ISSUED_BY_PRACTICE
IAI:101018,IAI,ISSUED_BY_PRACTICE
PXP:101025,PXP,ISSUED_BY_PRACTICE
RADE:101033,RADE,ISSUED_BY_PRACTICE
RADY:101036,RADY,ISSUED_BY_PRACTICE
SMED:101044,SMED,ISSUED_BY_PRACTICE
RADA:101050,RADA,ISSUED_BY_PRACTICE
ACRB:101054,ACRB,ISSUED_BY_PRACTICE
RADS2:101063,RADS2,ISSUED_BY_PRACTICE
RADD:101064,RADD,ISSUED_BY_PRACTICE
RADF:101070,RADF,ISSUED_BY_PRACTICE
RADJ:101073,RADJ,ISSUED_BY_PRACTICE
RADE:101082,RADE,ISSUED_BY_PRACTICE
RADO:101086,RADO,ISSUED_BY_PRACTICE
RADG:101090,RADG,ISSUED_BY_PRACTICE
NRAA:101097,NRAA,ISSUED_BY_PRACTICE
IAI:101100,IAI,ISSUED_BY_PRACTICE
SMED:101101,SMED,ISSUED_BY_PRACTICE
RADE:101102,RADE,ISSUED_BY_PRACTICE
ESR:101110,ESR,ISSUED_BY_PRACTICE
RADR:101118,RADR,ISSUED_BY_PRACTICE
RADX:101119,RADX,ISSUED_BY_PRACTICE
RASFA:101127,RASFA,ISSUED_BY_PRACTICE
IAI:101134,IAI,ISSUED_BY_PRACTICE
GRH:101136,GRH,ISSUED_BY_PRACTICE
RADE:101142,RADE,ISSUED_BY_PRACTICE
NRA:101151,NRA,ISSUED_BY_PRACTICE
RADO:101155,RADO,ISSUED_BY_PRACTICE
RADG:101159,RADG,ISSUED_BY_PRACTICE
GSIA:101168,GSIA,ISSUED_BY_PRACTICE
RADB:101172,RADB,ISSUED_BY_PRACTICE
RADG:101177,RADG,ISSUED_BY_PRACTICE
RADS2:101179,RADS2,ISSUED_BY_PRACTICE
RADL:101185,RADL,ISSUED_BY_PRACTICE
RADM:101192,RADM,ISSUED_BY_PRACTICE
RADA:101198,RADA,ISSUED_BY_PRACTICE
RADK:101205,RADK,ISSUED_BY_PRACTICE
RADZ:101213,RADZ,ISSUED_BY_PRACTICE
RADT:101219,RADT,ISSUED_BY_PRACTICE
RADN:101223,RADN,ISSUED_BY_PRACTICE
TRI:101229,TRI,ISSUED_BY_PRACTICE
RADS:101237,RADS,ISSUED_BY_PRACTICE
RADZ:101243,RADZ,ISSUED_BY_PRACTICE
RADO:101251,RADO,ISSUED_BY_PRACTICE
RASFA:101256,RASFA,ISSUED_BY_PRACTICE
RADQ:101260,RADQ,ISSUED_BY_PRACTICE
RADS2:101268,RADS2,ISSUED_BY_PRACTICE
NRAA:101270,NRAA,ISSUED_BY_PRACTICE
RADI:101274,RADI,ISSUED_BY_PRACTICE
GRH:101280,GRH,ISSUED_BY_PRACTICE
RADF:101282,RADF,ISSUED_BY_PRACTICE
RADI:101291,RADI,ISSUED_BY_PRACTICE
RADA:101293,RADA,ISSUED_BY_PRACTICE
RADB:101294,RADB,ISSUED_BY_PRACTICE
RADZ:101300,RADZ,ISSUED_BY_PRACTICE
GSIA:101307,GSIA,ISSUED_BY_PRACTICE
IAI:101309,IAI,ISSUED_BY_PRACTICE
RADE:101318,RADE,ISSUED_BY_PRACTICE
GRH:101321,GRH,ISSUED_BY_PRACTICE
PXP:101325,PXP,ISSUED_BY_PRACTICE
RADD:101330,RADD,ISSUED_BY_PRACTICE
RADY:101334,RADY,ISSUED_BY_PRACTICE
RADR:101338,RADR,ISSUED_BY_PRACTICE
RADC:101342,RADC,ISSUED_BY_PRACTICE
RADO:101343,RADO,ISSUED_BY_PRACTICE
RADL:101348,RADL,ISSUED_BY_PRACTICE
RADN:101357,RADN,ISSUED_BY_PRACTICE
RADK:101358,RADK,ISSUED_BY_PRACTICE
CRC:101362,CRC,ISSUED_BY_PRACTICE
RADH:101363,RADH,ISSUED_BY_PRACTICE
RADT:101371,RADT,ISSUED_BY_PRACTICE
ACR:101379,ACR,ISSUED_BY_PRACTICE
RADJ:101385,RADJ,ISSUED_BY_PRACTICE
GSIA:101393,GSIA,ISSUED_BY_PRACTICE
RADH:101398,RADH,ISSUED_BY_PRACTICE
RADD:101402,RADD,ISSUED_BY_PRACTICE
ESR:101411,ESR,ISSUED_BY_PRACTICE
RADD:101413,RADD,ISSUED_BY_PRACTICE
WRAD:101414,WRAD,ISSUED_BY_PRACTICE
RASFA:101420,RASFA,ISSUED_BY_PRACTICE
RADM:101425,RADM,ISSUED_BY_PRACTICE
RADS:101431,RADS,ISSUED_BY_PRACTICE
RADZ:101440,RADZ,ISSUED_BY_PRACTICE
GSIA:101449,GSIA,ISSUED_BY_PRACTICE
PXP:101454,PXP,ISSUED_BY_PRACTICE
ACRB:101459,ACRB,ISSUED_BY_PRACTICE
TRI:101462,TRI,ISSUED_BY_PRACTICE
RADB:101463,RADB,ISSUED_BY_PRACTICE
NRA:101472,NRA,ISSUED_BY_PRACTICE
RADQ:101473,RADQ,ISSUED_BY_PRACTICE
RADK:101482,RADK,ISSUED_BY_PRACTICE
ESR:101484,ESR,ISSUED_BY_PRACTICE
MRB:101486,MRB,ISSUED_BY_PRACTICE
TRI:101490,TRI,ISSUED_BY_PRACTICE
ESR:101495,ESR,ISSUED_BY_PRACTICE
RADS2:101500,RADS2,ISSUED_BY_PRACTICE
RADD:101504,RADD,ISSUED_BY_PRACTICE
SMED:101509,SMED,ISSUED_BY_PRACTICE
RADP:101511,RADP,ISSUED_BY_PRACTICE
RADE:101519,RADE,ISSUED_BY_PRACTICE
RADJ:101520,RADJ,ISSUED_BY_PRACTICE
CIRPA:101523,CIRPA,ISSUED_BY_PRACTICE
RADT:101528,RADT,ISSUED_BY_PRACTICE
SMED:101533,SMED,ISSUED_BY_PRACTICE
PXP:101540,PXP,ISSUED_BY_PRACTICE
SAPA:101543,SAPA,ISSUED_BY_PRACTICE
RASFA:101552,RASFA,ISSUED_BY_PRACTICE
RADG:101554,RADG,ISSUED_BY_PRACTICE
CRC:101561,CRC,ISSUED_BY_PRACTICE
RADS:101568,RADS,ISSUED_BY_PRACTICE
IAI:101575,IAI,ISSUED_BY_PRACTICE
GSIA:101582,GSIA,ISSUED_BY_PRACTICE
SMED:101587,SMED,ISSUED_BY_PRACTICE
ACRB:101596,ACRB,ISSUED_BY_PRACTICE
RADJ:101597,RADJ,ISSUED_BY_PRACTICE
GRH:101605,GRH,ISSUED_BY_PRACTICE
TRI:101614,TRI,ISSUED_BY_PRACTICE
SMED:101617,SMED,ISSUED_BY_PRACTICE
ESR:101620,ESR,ISSUED_BY_PRACTICE
RADB:101624,RADB,ISSUED_BY_PRACTICE
RADI:101625,RADI,ISSUED_BY_PRACTICE
NRAA:101634,NRAA,ISSUED_BY_PRACTICE
MRB:101636,MRB,ISSUED_BY_PRACTICE
RADR:101637,RADR,ISSUED_BY_PRACTICE
RADK:101641,RADK,ISSUED_BY_PRACTICE
CIRPA:101648,CIRPA,ISSUED_BY_PRACTICE
RADF:101652,RADF,ISSUED_BY_PRACTICE
ACR:101661,ACR,ISSUED_BY_PRACTICE
RADU:101664,RADU,ISSUED_BY_PRACTICE
RADZ:101665,RADZ,ISSUED_BY_PRACTICE
RADH:101666,RADH,ISSUED_BY_PRACTICE
ACRB:101672,ACRB,ISSUED_BY_PRACTICE
RADS:101680,RADS,ISSUED_BY_PRACTICE
RADD:101689,RADD,ISSUED_BY_PRACTICE
RADZ:101693,RADZ,ISSUED_BY_PRACTICE
RADC:101696,RADC,ISSUED_BY_PRACTICE
RADN:101704,RADN,ISSUED_BY_PRACTICE
TRI:101711,TRI,ISSUED_BY_PRACTICE
NRAA:101720,NRAA,ISSUED_BY_PRACTICE
RADP:101726,RADP,ISSUED_BY_PRACTICE
RADI:101734,RADI,ISSUED_BY_PRACTICE
RADC:101743,RADC,ISSUED_BY_PRACTICE
RADB:101745,RADB,ISSUED_BY_PRACTICE
RASFA:101748,RASFA,ISSUED_BY_PRACTICE
RADS2:101752,RADS2,ISSUED_BY_PRACTICE
RADL:101754,RADL,ISSUED_BY_PRACTICE
RADZ:101757,RADZ,ISSUED_BY_PRACTICE
RADS:101763,RADS,ISSUED_BY_PRACTICE
RADS2:101770,RADS2,ISSUED_BY_PRACTICE
RADU:101773,RADU,ISSUED_BY_PRACTICE
RADN:101776,RADN,ISSUED_BY_PRACTICE
RADD:101777,RADD,ISSUED_BY_PRACTICE
GSIA:101781,GSIA,ISSUED_BY_PRACTICE
RADU:101782,RADU,ISSUED_BY_PRACTICE
RADT:101784,RADT,ISSUED_BY_PRACTICE
NRA:101793,NRA,ISSUED_BY_PRACTICE
RADH:101799,RADH,ISSUED_BY_PRACTICE
PMR:101804,PMR,ISSUED_BY_PRACTICE
RADK:101808,RADK,ISSUED_BY_PRACTICE
RADE:101816,RADE,ISSUED_BY_PRACTICE
PXP:101817,PXP,ISSUED_BY_PRACTICE
RADD:101826,RADD,ISSUED_BY_PRACTICE
NRAA:101830,NRAA,ISSUED_BY_PRACTICE
RADJ:101833,RADJ,ISSUED_BY_PRACTICE
WRAD:101835,WRAD,ISSUED_BY_PRACTICE
RADH:101838,RADH,ISSUED_BY_PRACTICE
GRH:101846,GRH,ISSUED_BY_PRACTICE
PMR:101853,PMR,ISSUED_BY_PRACTICE
RADO:101859,RADO,ISSUED_BY_PRACTICE
RADI2:101866,RADI2,ISSUED_BY_PRACTICE
RADK:101872,RADK,ISSUED_BY_PRACTICE
RADK:101876,RADK,ISSUED_BY_PRACTICE
RADL:101882,RADL,ISSUED_BY_PRACTICE
RADD:101888,RADD,ISSUED_BY_PRACTICE
ACR:101892,ACR,ISSUED_BY_PRACTICE
ESR:101893,ESR,ISSUED_BY_PRACTICE
RADY:101902,RADY,ISSUED_BY_PRACTICE
RADI:101905,RADI,ISSUED_BY_PRACTICE
PMR:101913,PMR,ISSUED_BY_PRACTICE
RADU:101918,RADU,ISSUED_BY_PRACTICE
ESR:101924,ESR,ISSUED_BY_PRACTICE
NRA:101927,NRA,ISSUED_BY_PRACTICE
RADC:101929,RADC,ISSUED_BY_PRACTICE
RADH:101937,RADH,ISSUED_BY_PRACTICE
NRA:101939,NRA,ISSUED_BY_PRACTICE
ESR:101945,ESR,ISSUED_BY_PRACTICE
ACR:101950,ACR,ISSUED_BY_PRACTICE
WRAD:101954,WRAD,ISSUED_BY_PRACTICE
CRC:101959,CRC,ISSUED_BY_PRACTICE
RASFA:101962,RASFA,ISSUED_BY_PRACTICE
MRB:101969,MRB,ISSUED_BY_PRACTICE
CIRPA:101972,CIRPA,ISSUED_BY_PRACTICE
CRC:101974,CRC,ISSUED_BY_PRACTICE
PXP:101979,PXP,ISSUED_BY_PRACTICE
RADZ:101982,RADZ,ISSUED_BY_PRACTICE
RADL:101983,RADL,ISSUED_BY_PRACTICE
RADH:101985,RADH,ISSUED_BY_PRACTICE
PMR:101989,PMR,ISSUED_BY_PRACTICE
PMR:101991,PMR,ISSUED_BY_PRACTICE
RADY:102000,RADY,ISSUED_BY_PRACTICE
RADR:102001,RADR,ISSUED_BY_PRACTICE
RADS2:102010,RADS2,ISSUED_BY_PRACTICE
NRAA:102019,NRAA,ISSUED_BY_PRACTICE
RADS:102020,RADS,ISSUED_BY_PRACTICE
SMED:102024,SMED,ISSUED_BY_PRACTICE
RADN:102029,RADN,ISSUED_BY_PRACTICE
RADK:102038,RADK,ISSUED_BY_PRACTICE
RADM:102042,RADM,ISSUED_BY_PRACTICE
ACR:102049,ACR,ISSUED_BY_PRACTICE
RADN:102052,RADN,ISSUED_BY_PRACTICE
RADG:102057,RADG,ISSUED_BY_PRACTICE
RADC:102058,RADC,ISSUED_BY_PRACTICE
RADT:102060,RADT,ISSUED_BY_PRACTICE
GSIA:102062,GSIA,ISSUED_BY_PRACTICE
CRC:102064,CRC,ISSUED_BY_PRACTICE
MRB:102070,MRB,ISSUED_BY_PRACTICE
ACR:102077,ACR,ISSUED_BY_PRACTICE
RADM:102079,RADM,ISSUED_BY_PRACTICE
RADG:102084,RADG,ISSUED_BY_PRACTICE
ACRB:102090,ACRB,ISSUED_BY_PRACTICE
RADR:102092,RADR,ISSUED_BY_PRACTICE
IAI:102101,IAI,ISSUED_BY_PRACTICE
RADF:102107,RADF,ISSUED_BY_PRACTICE
SAPA:102108,SAPA,ISSUED_BY_PRACTICE
PMR:102112,PMR,ISSUED_BY_PRACTICE
RADP:102119,RADP,ISSUED_BY_PRACTICE
RADE:102123,RADE,ISSUED_BY_PRACTICE
RADG:102132,RADG,ISSUED_BY_PRACTICE
RADX:102135,RADX,ISSUED_BY_PRACTICE
RADT:102144,RADT,ISSUED_BY_PRACTICE
RADB:102145,RADB,ISSUED_BY_PRACTICE
RADZ:102151,RADZ,ISSUED_BY_PRACTICE
PXP:102157,PXP,ISSUED_BY_PRACTICE
GSIA:102158,GSIA,ISSUED_BY_PRACTICE
NRAA:102166,NRAA,ISSUED_BY_PRACTICE
RADA:102172,RADA,ISSUED_BY_PRACTICE
PXP:102175,PXP,ISSUED_BY_PRACTICE
GSIA:102181,GSIA,ISSUED_BY_PRACTICE
RADE:102183,RADE,ISSUED_BY_PRACTICE
GRH:102186,GRH,ISSUED_BY_PRACTICE
ACRB:102193,ACRB,ISSUED_BY_PRACTICE
RASFA:102202,RASFA,ISSUED_BY_PRACTICE
RADP:102211,RADP,ISSUED_BY_PRACTICE
RADO:102216,RADO,ISSUED_BY_PRACTICE
RADI:102220,RADI,ISSUED_BY_PRACTICE
RASFA:102225,RASFA,ISSUED_BY_PRACTICE
RADJ:102229,RADJ,ISSUED_BY_PRACTICE
RADB:102235,RADB,ISSUED_BY_PRACTICE
PMR:102241,PMR,ISSUED_BY_PRACTICE
RADT:102242,RADT,ISSUED_BY_PRACTICE
CRC:102249,CRC,ISSUED_BY_PRACTICE
ACRB:102258,ACRB,ISSUED_BY_PRACTICE
GRH:102260,GRH,ISSUED_BY_PRACTICE
RASFA:102268,RASFA,ISSUED_BY_PRACTICE
ACR:102275,ACR,ISSUED_BY_PRACTICE
SMED:102278,SMED,ISSUED_BY_PRACTICE
RADR:102280,RADR,ISSUED_BY_PRACTICE
RADG:102286,RADG,ISSUED_BY_PRACTICE
RADC:102288,RADC,ISSUED_BY_PRACTICE
SAPA:102296,SAPA,ISSUED_BY_PRACTICE
RADO:102304,RADO,ISSUED_BY_PRACTICE
RADU:102305,RADU,ISSUED_BY_PRACTICE
RADI2:102313,RADI2,ISSUED_BY_PRACTICE
SMED:102318,SMED,ISSUED_BY_PRACTICE
RADJ:102325,RADJ,ISSUED_BY_PRACTICE
RADC:102327,RADC,ISSUED_BY_PRACTICE
RADS2:102332,RADS2,ISSUED_BY_PRACTICE
RADL:102338,RADL,ISSUED_BY_PRACTICE
RADR:102339,RADR,ISSUED_BY_PRACTICE
RADR:102346,RADR,ISSUED_BY_PRACTICE
RADZ:102352,RADZ,ISSUED_BY_PRACTICE
ACRB:102356,ACRB,ISSUED_BY_PRACTICE
RADA:102365,RADA,ISSUED_BY_PRACTICE
ACRB:102366,ACRB,ISSUED_BY_PRACTICE
ACR:102370,ACR,ISSUED_BY_PRACTICE
RADI2:102375,RADI2,ISSUED_BY_PRACTICE
RADS:102381,RADS,ISSUED_BY_PRACTICE
RADS:102383,RADS,ISSUED_BY_PRACTICE
RADU:102389,RADU,ISSUED_BY_PRACTICE
RASFA:102392,RASFA,ISSUED_BY_PRACTICE
RADR:102398,RADR,ISSUED_BY_PRACTICE
RADJ:102402,RADJ,ISSUED_BY_PRACTICE
RADF:102403,RADF,ISSUED_BY_PRACTICE
GSIA:102410,GSIA,ISSUED_BY_PRACTICE
RADO:102411,RADO,ISSUED_BY_PRACTICE
NRA:102416,NRA,ISSUED_BY_PRACTICE
GSIA:102417,GSIA,ISSUED_BY_PRACTICE
RADM:102419,RADM,ISSUED_BY_PRACTICE
NRA:102423,NRA,ISSUED_BY_PRACTICE
RADC:102430,RADC,ISSUED_BY_PRACTICE
ACR:102434,ACR,ISSUED_BY_PRACTICE
RADS:102436,RADS,ISSUED_BY_PRACTICE
SMED:102440,SMED,ISSUED_BY_PRACTICE
RADR:102447,RADR,ISSUED_BY_PRACTICE
RADL:102449,RADL,ISSUED_BY_PRACTICE
SAPA:102454,SAPA,ISSUED_BY_PRACTICE
PMR:102456,PMR,ISSUED_BY_PRACTICE
NRA:102465,NRA,ISSUED_BY_PRACTICE
RADH:102471,RADH,ISSUED_BY_PRACTICE
RADP:102477,RADP,ISSUED_BY_PRACTICE
GRH:102482,GRH,ISSUED_BY_PRACTICE
GSIA:102488,GSIA,ISSUED_BY_PRACTICE
SMED:102495,SMED,ISSUED_BY_PRACTICE
SMED:102500,SMED,ISSUED_BY_PRACTICE
RADO:102506,RADO,ISSUED_BY_PRACTICE
ESR:102513,ESR,ISSUED_BY_PRACTICE
MRB:102520,MRB,ISSUED_BY_PRACTICE
MRB:102521,MRB,ISSUED_BY_PRACTICE
GSIA:102529,GSIA,ISSUED_BY_PRACTICE
CRC:102531,CRC,ISSUED_BY_PRACTICE
RADD:102539,RADD,ISSUED_BY_PRACTICE
MRB:102540,MRB,ISSUED_BY_PRACTICE
RADG:102547,RADG,ISSUED_BY_PRACTICE
RADQ:102555,RADQ,ISSUED_BY_PRACTICE
RADE:102556,RADE,ISSUED_BY_PRACTICE
RADB:102565,RADB,ISSUED_BY_PRACTICE
RADF:102572,RADF,ISSUED_BY_PRACTICE
RADN:102577,RADN,ISSUED_BY_PRACTICE
RADT:102578,RADT,ISSUED_BY_PRACTICE
ACRB:102581,ACRB,ISSUED_BY_PRACTICE
RADU:102589,RADU,ISSUED_BY_PRACTICE
RADF:102596,RADF,ISSUED_BY_PRACTICE
RASFA:102605,RASFA,ISSUED_BY_PRACTICE
RADQ:102611,RADQ,ISSUED_BY_PRACTICE
RADK:102620,RADK,ISSUED_BY_PRACTICE
RADD:102629,RADD,ISSUED_BY_PRACTICE
GSIA:102638,GSIA,ISSUED_BY_PRACTICE
RADF:102639,RADF,ISSUED_BY_PRACTICE
PXP:102648,PXP,ISSUED_BY_PRACTICE
CIRPA:102649,CIRPA,ISSUED_BY_PRACTICE
ACRB:102658,ACRB,ISSUED_BY_PRACTICE
SMED:102665,SMED,ISSUED_BY_PRACTICE
CIRPA:102672,CIRPA,ISSUED_BY_PRACTICE
NRAA:102675,NRAA,ISSUED_BY_PRACTICE
SAPA:102678,SAPA,ISSUED_BY_PRACTICE
RADR:102681,RADR,ISSUED_BY_PRACTICE
RADN:102690,RADN,ISSUED_BY_PRACTICE
PXP:102699,PXP,ISSUED_BY_PRACTICE
RADN:102703,RADN,ISSUED_BY_PRACTICE
RADP:102705,RADP,ISSUED_BY_PRACTICE
TRI:102710,TRI,ISSUED_BY_PRACTICE
RADI2:102717,RADI2,ISSUED_BY_PRACTICE
RADP:102724,RADP,ISSUED_BY_PRACTICE
RADU:102732,RADU,ISSUED_BY_PRACTICE
RADZ:102740,RADZ,ISSUED_BY_PRACTICE
RADP:102748,RADP,ISSUED_BY_PRACTICE
RADU:102756,RADU,ISSUED_BY_PRACTICE
RADH:102758,RADH,ISSUED_BY_PRACTICE
RADQ:102760,RADQ,ISSUED_BY_PRACTICE
RADZ:102766,RADZ,ISSUED_BY_PRACTICE
RADC:102772,RADC,ISSUED_BY_PRACTICE
RADD:102780,RADD,ISSUED_BY_PRACTICE
RADE:102786,RADE,ISSUED_BY_PRACTICE
RADI2:102794,RADI2,ISSUED_BY_PRACTICE
TRI:102795,TRI,ISSUED_BY_PRACTICE
ESR:102803,ESR,ISSUED_BY_PRACTICE
RADY:102810,RADY,ISSUED_BY_PRACTICE
RASFA:102813,RASFA,ISSUED_BY_PRACTICE
RASFA:102817,RASFA,ISSUED_BY_PRACTICE
RADO:102820,RADO,ISSUED_BY_PRACTICE
RADS:102822,RADS,ISSUED_BY_PRACTICE
RADH:102827,RADH,ISSUED_BY_PRACTICE
RADZ:102832,RADZ,ISSUED_BY_PRACTICE
RASFA:102840,RASFA,ISSUED_BY_PRACTICE
RADE:102846,RADE,ISSUED_BY_PRACTICE
RADP:102855,RADP,ISSUED_BY_PRACTICE
ESR:102860,ESR,ISSUED_BY_PRACTICE
TRI:102869,TRI,ISSUED_BY_PRACTICE
NRAA:102875,NRAA,ISSUED_BY_PRACTICE
RADS2:102882,RADS2,ISSUED_BY_PRACTICE
RADT:102883,RADT,ISSUED_BY_PRACTICE
RADO:102891,RADO,ISSUED_BY_PRACTICE
RADI:102894,RADI,ISSUED_BY_PRACTICE
RADC:102902,RADC,ISSUED_BY_PRACTICE
RADS2:102907,RADS2,ISSUED_BY_PRACTICE
PMR:102913,PMR,ISSUED_BY_PRACTICE
RADU:102920,RADU,ISSUED_BY_PRACTICE
RADN:102924,RADN,ISSUED_BY_PRACTICE
IAI:102926,IAI,ISSUED_BY_PRACTICE
ACR:102932,ACR,ISSUED_BY_PRACTICE
ESR:102934,ESR,ISSUED_BY_PRACTICE
RADD:102939,RADD,ISSUED_BY_PRACTICE
RADU:102946,RADU,ISSUED_BY_PRACTICE
IAI:102948,IAI,ISSUED_BY_PRACTICE
PXP:102957,PXP,ISSUED_BY_PRACTICE
NRA:102961,NRA,ISSUED_BY_PRACTICE
RADT:102969,RADT,ISSUED_BY_PRACTICE
RADC:102977,RADC,ISSUED_BY_PRACTICE
RADA:102985,RADA,ISSUED_BY_PRACTICE
CRC:102988,CRC,ISSUED_BY_PRACTICE
RADT:102993,RADT,ISSUED_BY_PRACTICE
PMR:102998,PMR,ISSUED_BY_PRACTICE
RADN:103006,RADN,ISSUED_BY_PRACTICE
RADE:103012,RADE,ISSUED_BY_PRACTICE
RADK:103015,RADK,ISSUED_BY_PRACTICE
MRB:103021,MRB,ISSUED_BY_PRACTICE
RADE:103024,RADE,ISSUED_BY_PRACTICE
RADM:103030,RADM,ISSUED_BY_PRACTICE
GRH:103038,GRH,ISSUED_BY_PRACTICE
SAPA:103045,SAPA,ISSUED_BY_PRACTICE
RASFA:103048,RASFA,ISSUED_BY_PRACTICE
RADN:103053,RADN,ISSUED_BY_PRACTICE
GRH:103061,GRH,ISSUED_BY_PRACTICE
GRH:103067,GRH,ISSUED_BY_PRACTICE
MRB:103070,MRB,ISSUED_BY_PRACTICE
GRH:103071,GRH,ISSUED_BY_PRACTICE
RADT:103077,RADT,ISSUED_BY_PRACTICE
RADD:103083,RADD,ISSUED_BY_PRACTICE
RADQ:103091,RADQ,ISSUED_BY_PRACTICE
ACRB:103093,ACRB,ISSUED_BY_PRACTICE
RADK:103097,RADK,ISSUED_BY_PRACTICE
RADX:103100,RADX,ISSUED_BY_PRACTICE
RADA:103101,RADA,ISSUED_BY_PRACTICE
RADB:103109,RADB,ISSUED_BY_PRACTICE
RASFA:103116,RASFA,ISSUED_BY_PRACTICE
NRAA:103117,NRAA,ISSUED_BY_PRACTICE
RADT:103120,RADT,ISSUED_BY_PRACTICE
RADL:103121,RADL,ISSUED_BY_PRACTICE
RADD:103127,RADD,ISSUED_BY_PRACTICE
ACRB:103131,ACRB,ISSUED_BY_PRACTICE
GSIA:103140,GSIA,ISSUED_BY_PRACTICE
RADK:103147,RADK,ISSUED_BY_PRACTICE
SAPA:103149,SAPA,ISSUED_BY_PRACTICE
RADA:103151,RADA,ISSUED_BY_PRACTICE
RADE:103155,RADE,ISSUED_BY_PRACTICE
PMR:103161,PMR,ISSUED_BY_PRACTICE
RADS2:103170,RADS2,ISSUED_BY_PRACTICE
RADH:103175,RADH,ISSUED_BY_PRACTICE
RADU:103184,RADU,ISSUED_BY_PRACTICE
RADC:103191,RADC,ISSUED_BY_PRACTICE
PXP:103199,PXP,ISSUED_BY_PRACTICE
CRC:103200,CRC,ISSUED_BY_PRACTICE
RADZ:103202,RADZ,ISSUED_BY_PRACTICE
RADF:103208,RADF,ISSUED_BY_PRACTICE
MRB:103216,MRB,ISSUED_BY_PRACTICE
RADH:103225,RADH,ISSUED_BY_PRACTICE
RADA:103231,RADA,ISSUED_BY_PRACTICE
NRAA:103240,NRAA,ISSUED_BY_PRACTICE
RADH:103247,RADH,ISSUED_BY_PRACTICE
RADQ:103252,RADQ,ISSUED_BY_PRACTICE
CRC:103260,CRC,ISSUED_BY_PRACTICE
NRAA:103268,NRAA,ISSUED_BY_PRACTICE
IAI:103277,IAI,ISSUED_BY_PRACTICE
RADX:103278,RADX,ISSUED_BY_PRACTICE
RADR:103279,RADR,ISSUED_BY_PRACTICE
RADR:103284,RADR,ISSUED_BY_PRACTICE
RADN:103286,RADN,ISSUED_BY_PRACTICE
SAPA:103294,SAPA,ISSUED_BY_PRACTICE
RADL:103303,RADL,ISSUED_BY_PRACTICE
WRAD:103311,WRAD,ISSUED_BY_PRACTICE
RADS:103314,RADS,ISSUED_BY_PRACTICE
RADA:103316,RADA,ISSUED_BY_PRACTICE
NRA:103319,NRA,ISSUED_BY_PRACTICE
CRC:103328,CRC,ISSUED_BY_PRACTICE
MRB:103336,MRB,ISSUED_BY_PRACTICE
WRAD:103344,WRAD,ISSUED_BY_PRACTICE
RADN:103348,RADN,ISSUED_BY_PRACTICE
RADY:103351,RADY,ISSUED_BY_PRACTICE
RADC:103354,RADC,ISSUED_BY_PRACTICE
ACRB:103355,ACRB,ISSUED_BY_PRACTICE
MRB:103357,MRB,ISSUED_BY_PRACTICE
RADE:103364,RADE,ISSUED_BY_PRACTICE
MRB:103365,MRB,ISSUED_BY_PRACTICE
PMR:103367,PMR,ISSUED_BY_PRACTICE
RADS2:103368,RADS2,ISSUED_BY_PRACTICE
RADY:103373,RADY,ISSUED_BY_PRACTICE
PMR:103377,PMR,ISSUED_BY_PRACTICE
CRC:103378,CRC,ISSUED_BY_PRACTICE
GSIA:103384,GSIA,ISSUED_BY_PRACTICE
ACRB:103388,ACRB,ISSUED_BY_PRACTICE
SMED:103394,SMED,ISSUED_BY_PRACTICE
CIRPA:103401,CIRPA,ISSUED_BY_PRACTICE
RADI2:103409,RADI2,ISSUED_BY_PRACTICE
RADU:103412,RADU,ISSUED_BY_PRACTICE
RADS2:103416,RADS2,ISSUED_BY_PRACTICE
SMED:103421,SMED,ISSUED_BY_PRACTICE
RADB:103430,RADB,ISSUED_BY_PRACTICE
WRAD:103435,WRAD,ISSUED_BY_PRACTICE
RADX:103443,RADX,ISSUED_BY_PRACTICE
SMED:103448,SMED,ISSUED_BY_PRACTICE
RADU:103452,RADU,ISSUED_BY_PRACTICE
GRH:103457,GRH,ISSUED_BY_PRACTICE
PMR:103462,PMR,ISSUED_BY_PRACTICE
RADF:103465,RADF,ISSUED_BY_PRACTICE
ACR:103468,ACR,ISSUED_BY_PRACTICE
RADT:103471,RADT,ISSUED_BY_PRACTICE
GSIA:103473,GSIA,ISSUED_BY_PRACTICE
NRAA:103480,NRAA,ISSUED_BY_PRACTICE
NRA:103486,NRA,ISSUED_BY_PRACTICE
RADL:103490,RADL,ISSUED_BY_PRACTICE
RADM:103499,RADM,ISSUED_BY_PRACTICE
RADI2:103502,RADI2,ISSUED_BY_PRACTICE
RADO:103505,RADO,ISSUED_BY_PRACTICE
RADS:103510,RADS,ISSUED_BY_PRACTICE
RASFA:103511,RASFA,ISSUED_BY_PRACTICE
RADB:103512,RADB,ISSUED_BY_PRACTICE
ACR:103518,ACR,ISSUED_BY_PRACTICE
RADD:103524,RADD,ISSUED_BY_PRACTICE
SAPA:103528,SAPA,ISSUED_BY_PRACTICE
RADI:103532,RADI,ISSUED_BY_PRACTICE
RADL:103536,RADL,ISSUED_BY_PRACTICE
RADI2:103541,RADI2,ISSUED_BY_PRACTICE
RADU:103545,RADU,ISSUED_BY_PRACTICE
RADA:103554,RADA,ISSUED_BY_PRACTICE
RADH:103560,RADH,ISSUED_BY_PRACTICE
RADI2:103561,RADI2,ISSUED_BY_PRACTICE
RADL:103567,RADL,ISSUED_BY_PRACTICE
CRC:103569,CRC,ISSUED_BY_PRACTICE
RADK:103574,RADK,ISSUED_BY_PRACTICE
RADL:103579,RADL,ISSUED_BY_PRACTICE
RADT:103584,RADT,ISSUED_BY_PRACTICE
RADY:103588,RADY,ISSUED_BY_PRACTICE
ACR:103590,ACR,ISSUED_BY_PRACTICE
WRAD:103594,WRAD,ISSUED_BY_PRACTICE
NRAA:103595,NRAA,ISSUED_BY_PRACTICE
RADJ:103600,RADJ,ISSUED_BY_PRACTICE
RADQ:103606,RADQ,ISSUED_BY_PRACTICE
RADA:103612,RADA,ISSUED_BY_PRACTICE
RADA:103614,RADA,ISSUED_BY_PRACTICE
IAI:103623,IAI,ISSUED_BY_PRACTICE
RADB:103625,RADB,ISSUED_BY_PRACTICE
RADY:103633,RADY,ISSUED_BY_PRACTICE
RADX:103638,RADX,ISSUED_BY_PRACTICE
RADY:103647,RADY,ISSUED_BY_PRACTICE
RADS:103650,RADS,ISSUED_BY_PRACTICE
RADI:103656,RADI,ISSUED_BY_PRACTICE
RADY:103664,RADY,ISSUED_BY_PRACTICE
GSIA:103665,GSIA,ISSUED_BY_PRACTICE
NRAA:103673,NRAA,ISSUED_BY_PRACTICE
RADS2:103676,RADS2,ISSUED_BY_PRACTICE
GRH:103682,GRH,ISSUED_BY_PRACTICE
IAI:103684,IAI,ISSUED_BY_PRACTICE
ACR:103688,ACR,ISSUED_BY_PRACTICE
RADF:103697,RADF,ISSUED_BY_PRACTICE
RADI2:103702,RADI2,ISSUED_BY_PRACTICE
NRAA:103707,NRAA,ISSUED_BY_PRACTICE
RADI2:103714,RADI2,ISSUED_BY_PRACTICE
ESR:103716,ESR,ISSUED_BY_PRACTICE
GSIA:103717,GSIA,ISSUED_BY_PRACTICE
IAI:103718,IAI,ISSUED_BY_PRACTICE
ESR:103719,ESR,ISSUED_BY_PRACTICE
IAI:103725,IAI,ISSUED_BY_PRACTICE
RADI:103732,RADI,ISSUED_BY_PRACTICE
NRA:103739,NRA,ISSUED_BY_PRACTICE
RADU:103740,RADU,ISSUED_BY_PRACTICE
RADZ:103748,RADZ,ISSUED_BY_PRACTICE
SMED:103752,SMED,ISSUED_BY_PRACTICE
RADR:103761,RADR,ISSUED_BY_PRACTICE
RADF:103770,RADF,ISSUED_BY_PRACTICE
RADM:103773,RADM,ISSUED_BY_PRACTICE
RADS:103776,RADS,ISSUED_BY_PRACTICE
RADY:103785,RADY,ISSUED_BY_PRACTICE
TRI:103787,TRI,ISSUED_BY_PRACTICE
RADH:103788,RADH,ISSUED_BY_PRACTICE
PMR:103792,PMR,ISSUED_BY_PRACTICE
RADO:103795,RADO,ISSUED_BY_PRACTICE
NRAA:103797,NRAA,ISSUED_BY_PRACTICE
RADA:103798,RADA,ISSUED_BY_PRACTICE
RADF:103803,RADF,ISSUED_BY_PRACTICE
SMED:103806,SMED,ISSUED_BY_PRACTICE
RADD:103807,RADD,ISSUED_BY_PRACTICE
RADO:103815,RADO,ISSUED_BY_PRACTICE
ESR:103819,ESR,ISSUED_BY_PRACTICE
RADT:103820,RADT,ISSUED_BY_PRACTICE
RADO:103825,RADO,ISSUED_BY_PRACTICE
RADI:103828,RADI,ISSUED_BY_PRACTICE
RADC:103830,RADC,ISSUED_BY_PRACTICE
RADQ:103839,RADQ,ISSUED_BY_PRACTICE
RADI:103844,RADI,ISSUED_BY_PRACTICE
RADT:103853,RADT,ISSUED_BY_PRACTICE
RADJ:103858,RADJ,ISSUED_BY_PRACTICE
RADR:103864,RADR,ISSUED_BY_PRACTICE
RADL:103868,RADL,ISSUED_BY_PRACTICE
TRI:103872,TRI,ISSUED_BY_PRACTICE
RADN:103877,RADN,ISSUED_BY_PRACTICE
RADF:103879,RADF,ISSUED_BY_PRACTICE
RADS2:103881,RADS2,ISSUED_BY_PRACTICE
RADS:103887,RADS,ISSUED_BY_PRACTICE
CRC:103892,CRC,ISSUED_BY_PRACTICE
ACRB:103895,ACRB,ISSUED_BY_PRACTICE
RADO:103902,RADO,ISSUED_BY_PRACTICE
RASFA:103906,RASFA,ISSUED_BY_PRACTICE
RADN:103909,RADN,ISSUED_BY_PRACTICE
RADP:103911,RADP,ISSUED_BY_PRACTICE
RADD:103918,RADD,ISSUED_BY_PRACTICE
ACR:103923,ACR,ISSUED_BY_PRACTICE
WRAD:103932,WRAD,ISSUED_BY_PRACTICE
RADE:103937,RADE,ISSUED_BY_PRACTICE
SMED:103939,SMED,ISSUED_BY_PRACTICE
RADL:103944,RADL,ISSUED_BY_PRACTICE
RADA:103950,RADA,ISSUED_BY_PRACTICE
IAI:103953,IAI,ISSUED_BY_PRACTICE
NRAA:103958,NRAA,ISSUED_BY_PRACTICE
RADT:103964,RADT,ISSUED_BY_PRACTICE
CRC:103970,CRC,ISSUED_BY_PRACTICE
RADK:103974,RADK,ISSUED_BY_PRACTICE
RADZ:103983,RADZ,ISSUED_BY_PRACTICE
RADS:103984,RADS,ISSUED_BY_PRACTICE
RADE:103992,RADE,ISSUED_BY_PRACTICE
RADA:103998,RADA,ISSUED_BY_PRACTICE
NRA:104006,NRA,ISSUED_BY_PRACTICE
CRC:104009,CRC,ISSUED_BY_PRACTICE
RADR:104014,RADR,ISSUED_BY_PRACTICE
RADS:104020,RADS,ISSUED_BY_PRACTICE
RADZ:104029,RADZ,ISSUED_BY_PRACTICE
RADZ:104031,RADZ,ISSUED_BY_PRACTICE
GRH:104039,GRH,ISSUED_BY_PRACTICE
RADR:104046,RADR,ISSUED_BY_PRACTICE
RADO:104054,RADO,ISSUED_BY_PRACTICE
RADH:104057,RADH,ISSUED_BY_PRACTICE
SMED:104064,SMED,ISSUED_BY_PRACTICE
ACR:104065,ACR,ISSUED_BY_PRACTICE
NRA:104068,NRA,ISSUED_BY_PRACTICE
RADX:104075,RADX,ISSUED_BY_PRACTICE
MRB:104080,MRB,ISSUED_BY_PRACTICE
RADJ:104082,RADJ,ISSUED_BY_PRACTICE
PMR:104085,PMR,ISSUED_BY_PRACTICE
GRH:104089,GRH,ISSUED_BY_PRACTICE
RADL:104098,RADL,ISSUED_BY_PRACTICE
RADD:104099,RADD,ISSUED_BY_PRACTICE
RADC:104105,RADC,ISSUED_BY_PRACTICE
RADL:104114,RADL,ISSUED_BY_PRACTICE
RADI:104117,RADI,ISSUED_BY_PRACTICE
RADX:104118,RADX,ISSUED_BY_PRACTICE
SAPA:104125,SAPA,ISSUED_BY_PRACTICE
NRA:104134,NRA,ISSUED_BY_PRACTICE
NRA:104135,NRA,ISSUED_BY_PRACTICE
RADG:104141,RADG,ISSUED_BY_PRACTICE
TRI:104143,TRI,ISSUED_BY_PRACTICE
RADS:104149,RADS,ISSUED_BY_PRACTICE
GRH:104153,GRH,ISSUED_BY_PRACTICE
TRI:104154,TRI,ISSUED_BY_PRACTICE
RADR:104162,RADR,ISSUED_BY_PRACTICE
RADS2:104171,RADS2,ISSUED_BY_PRACTICE
RADQ:104177,RADQ,ISSUED_BY_PRACTICE
NRAA:104178,NRAA,ISSUED_BY_PRACTICE
CIRPA:104185,CIRPA,ISSUED_BY_PRACTICE
RADJ:104191,RADJ,ISSUED_BY_PRACTICE
TRI:104193,TRI,ISSUED_BY_PRACTICE
RADS:104196,RADS,ISSUED_BY_PRACTICE
MRB:104198,MRB,ISSUED_BY_PRACTICE
RASFA:104200,RASFA,ISSUED_BY_PRACTICE
GRH:104205,GRH,ISSUED_BY_PRACTICE
RADU:104209,RADU,ISSUED_BY_PRACTICE
RADZ:104210,RADZ,ISSUED_BY_PRACTICE
CRC:104215,CRC,ISSUED_BY_PRACTICE
RADR:104220,RADR,ISSUED_BY_PRACTICE
GRH:104222,GRH,ISSUED_BY_PRACTICE
RADG:104227,RADG,ISSUED_BY_PRACTICE
PMR:104236,PMR,ISSUED_BY_PRACTICE
RADS2:104243,RADS2,ISSUED_BY_PRACTICE
GRH:104247,GRH,ISSUED_BY_PRACTICE
RADM:104248,RADM,ISSUED_BY_PRACTICE
RADO:104252,RADO,ISSUED_BY_PRACTICE
RADG:104260,RADG,ISSUED_BY_PRACTICE
PXP:104265,PXP,ISSUED_BY_PRACTICE
RADD:104274,RADD,ISSUED_BY_PRACTICE
RADC:104281,RADC,ISSUED_BY_PRACTICE
RADK:104287,RADK,ISSUED_BY_PRACTICE
RADA:104288,RADA,ISSUED_BY_PRACTICE
PXP:104294,PXP,ISSUED_BY_PRACTICE
RADS:104296,RADS,ISSUED_BY_PRACTICE
SAPA:104305,SAPA,ISSUED_BY_PRACTICE
RADD:104314,RADD,ISSUED_BY_PRACTICE
PXP:104316,PXP,ISSUED_BY_PRACTICE
SAPA:104322,SAPA,ISSUED_BY_PRACTICE
TRI:104330,TRI,ISSUED_BY_PRACTICE
RADH:104337,RADH,ISSUED_BY_PRACTICE
RADU:104345,RADU,ISSUED_BY_PRACTICE
GRH:104353,GRH,ISSUED_BY_PRACTICE
ESR:104354,ESR,ISSUED_BY_PRACTICE
CRC:104362,CRC,ISSUED_BY_PRACTICE
RADN:104364,RADN,ISSUED_BY_PRACTICE
RADP:104370,RADP,ISSUED_BY_PRACTICE
RASFA:104371,RASFA,ISSUED_BY_PRACTICE
NRA:104375,NRA,ISSUED_BY_PRACTICE
GSIA:104377,GSIA,ISSUED_BY_PRACTICE
RADI:104380,RADI,ISSUED_BY_PRACTICE
SAPA:104383,SAPA,ISSUED_BY_PRACTICE
ACR:104387,ACR,ISSUED_BY_PRACTICE
RADE:104391,RADE,ISSUED_BY_PRACTICE
RADF:104400,RADF,ISSUED_BY_PRACTICE
SMED:104402,SMED,ISSUED_BY_PRACTICE
ACRB:104408,ACRB,ISSUED_BY_PRACTICE
IAI:104414,IAI,ISSUED_BY_PRACTICE
CRC:104419,CRC,ISSUED_BY_PRACTICE
ACRB:104427,ACRB,ISSUED_BY_PRACTICE
RADN:104434,RADN,ISSUED_BY_PRACTICE
RADJ:104438,RADJ,ISSUED_BY_PRACTICE
ESR:104439,ESR,ISSUED_BY_PRACTICE
GSIA:104448,GSIA,ISSUED_BY_PRACTICE
RADU:104454,RADU,ISSUED_BY_PRACTICE
ACR:104459,ACR,ISSUED_BY_PRACTICE
RADD:104461,RADD,ISSUED_BY_PRACTICE
NRA:104469,NRA,ISSUED_BY_PRACTICE
RADP:104476,RADP,ISSUED_BY_PRACTICE
RADS2:104484,RADS2,ISSUED_BY_PRACTICE
RADM:104492,RADM,ISSUED_BY_PRACTICE
RADQ:104494,RADQ,ISSUED_BY_PRACTICE
TRI:104497,TRI,ISSUED_BY_PRACTICE
RADF:104501,RADF,ISSUED_BY_PRACTICE
RADS:104505,RADS,ISSUED_BY_PRACTICE
MRB:104506,MRB,ISSUED_BY_PRACTICE
RADQ:104508,RADQ,ISSUED_BY_PRACTICE
RADA:104516,RADA,ISSUED_BY_PRACTICE
RADS2:104517,RADS2,ISSUED_BY_PRACTICE
RADX:104523,RADX,ISSUED_BY_PRACTICE
ACRB:104530,ACRB,ISSUED_BY_PRACTICE
SMED:104538,SMED,ISSUED_BY_PRACTICE
PXP:104545,PXP,ISSUED_BY_PRACTICE
RADC:104552,RADC,ISSUED_BY_PRACTICE
RADE:104555,RADE,ISSUED_BY_PRACTICE
PXP:104557,PXP,ISSUED_BY_PRACTICE
GSIA:104561,GSIA,ISSUED_BY_PRACTICE
RADI:104567,RADI,ISSUED_BY_PRACTICE
RADO:104573,RADO,ISSUED_BY_PRACTICE
PMR:104579,PMR,ISSUED_BY_PRACTICE
RADJ:104585,RADJ,ISSUED_BY_PRACTICE
PXP:104591,PXP,ISSUED_BY_PRACTICE
SMED:104592,SMED,ISSUED_BY_PRACTICE
TRI:104594,TRI,ISSUED_BY_PRACTICE
PMR:104597,PMR,ISSUED_BY_PRACTICE
ESR:104604,ESR,ISSUED_BY_PRACTICE
RADA:104609,RADA,ISSUED_BY_PRACTICE
RADX:104617,RADX,ISSUED_BY_PRACTICE
SAPA:104619,SAPA,ISSUED_BY_PRACTICE
WRAD:104627,WRAD,ISSUED_BY_PRACTICE
PXP:104629,PXP,ISSUED_BY_PRACTICE
RADT:104630,RADT,ISSUED_BY_PRACTICE
RADD:104634,RADD,ISSUED_BY_PRACTICE
MRB:104639,MRB,ISSUED_BY_PRACTICE
NRA:104643,NRA,ISSUED_BY_PRACTICE
RADY:104652,RADY,ISSUED_BY_PRACTICE
RADM:104656,RADM,ISSUED_BY_PRACTICE
RADQ:104660,RADQ,ISSUED_BY_PRACTICE
RADD:104663,RADD,ISSUED_BY_PRACTICE
RADG:104670,RADG,ISSUED_BY_PRACTICE
RADN:104671,RADN,ISSUED_BY_PRACTICE
NRA:104679,NRA,ISSUED_BY_PRACTICE
RADC:104680,RADC,ISSUED_BY_PRACTICE
ACRB:104689,ACRB,ISSUED_BY_PRACTICE
WRAD:104697,WRAD,ISSUED_BY_PRACTICE
RADZ:104701,RADZ,ISSUED_BY_PRACTICE
SMED:104702,SMED,ISSUED_BY_PRACTICE
RADC:104703,RADC,ISSUED_BY_PRACTICE
RADS:104704,RADS,ISSUED_BY_PRACTICE
GRH:104711,GRH,ISSUED_BY_PRACTICE
TRI:104719,TRI,ISSUED_BY_PRACTICE
NRAA:104725,NRAA,ISSUED_BY_PRACTICE
RADK:104730,RADK,ISSUED_BY_PRACTICE
RADS2:104736,RADS2,ISSUED_BY_PRACTICE
RADG:104739,RADG,ISSUED_BY_PRACTICE
SAPA:104743,SAPA,ISSUED_BY_PRACTICE
RADA:104750,RADA,ISSUED_BY_PRACTICE
RADO:104754,RADO,ISSUED_BY_PRACTICE
ACR:104760,ACR,ISSUED_BY_PRACTICE
RADI2:104761,RADI2,ISSUED_BY_PRACTICE
RADE:104768,RADE,ISSUED_BY_PRACTICE
PMR:104770,PMR,ISSUED_BY_PRACTICE
RADS2:104779,RADS2,ISSUED_BY_PRACTICE
RADK:104780,RADK,ISSUED_BY_PRACTICE
SAPA:104787,SAPA,ISSUED_BY_PRACTICE
ESR:104793,ESR,ISSUED_BY_PRACTICE
RADE:104799,RADE,ISSUED_BY_PRACTICE
NRA:104808,NRA,ISSUED_BY_PRACTICE
ACRB:104811,ACRB,ISSUED_BY_PRACTICE
RADQ:104820,RADQ,ISSUED_BY_PRACTICE
RADU:104825,RADU,ISSUED_BY_PRACTICE
NRA:104829,NRA,ISSUED_BY_PRACTICE
IAI:104835,IAI,ISSUED_BY_PRACTICE
WRAD:104837,WRAD,ISSUED_BY_PRACTICE
SMED:104845,SMED,ISSUED_BY_PRACTICE
TRI:104849,TRI,ISSUED_BY_PRACTICE
GRH:104857,GRH,ISSUED_BY_PRACTICE
IAI:104859,IAI,ISSUED_BY_PRACTICE
RADQ:104867,RADQ,ISSUED_BY_PRACTICE
RADX:104870,RADX,ISSUED_BY_PRACTICE
RADZ:104873,RADZ,ISSUED_BY_PRACTICE
RADG:104879,RADG,ISSUED_BY_PRACTICE
RADB:104883,RADB,ISSUED_BY_PRACTICE
NRAA:104887,NRAA,ISSUED_BY_PRACTICE
PMR:104896,PMR,ISSUED_BY_PRACTICE
RADT:104903,RADT,ISSUED_BY_PRACTICE
RADF:104911,RADF,ISSUED_BY_PRACTICE
RADJ:104919,RADJ,ISSUED_BY_PRACTICE
RADI:104927,RADI,ISSUED_BY_PRACTICE
RADS:104933,RADS,ISSUED_BY_PRACTICE
TRI:104938,TRI,ISSUED_BY_PRACTICE
IAI:104940,IAI,ISSUED_BY_PRACTICE
RADR:104948,RADR,ISSUED_BY_PRACTICE
RADZ:104954,RADZ,ISSUED_BY_PRACTICE
RADA:104962,RADA,ISSUED_BY_PRACTICE
ESR:104965,ESR,ISSUED_BY_PRACTICE
RADJ:104968,RADJ,ISSUED_BY_PRACTICE
RADG:104977,RADG,ISSUED_BY_PRACTICE
RADD:104980,RADD,ISSUED_BY_PRACTICE
ESR:104987,ESR,ISSUED_BY_PRACTICE
PXP:104996,PXP,ISSUED_BY_PRACTICE
RADH:104999,RADH,ISSUED_BY_PRACTICE
RADL:105001,RADL,ISSUED_BY_PRACTICE
RADB:105006,RADB,ISSUED_BY_PRACTICE
NRA:105010,NRA,ISSUED_BY_PRACTICE
ACRB:105013,ACRB,ISSUED_BY_PRACTICE
RADI2:105017,RADI2,ISSUED_BY_PRACTICE
RADH:105024,RADH,ISSUED_BY_PRACTICE
RADQ:105025,RADQ,ISSUED_BY_PRACTICE
RADP:105026,RADP,ISSUED_BY_PRACTICE
RADY:105035,RADY,ISSUED_BY_PRACTICE
RADT:105041,RADT,ISSUED_BY_PRACTICE
RADI2:105049,RADI2,ISSUED_BY_PRACTICE
RADN:105056,RADN,ISSUED_BY_PRACTICE
RADT:105063,RADT,ISSUED_BY_PRACTICE
RADI:105069,RADI,ISSUED_BY_PRACTICE
ACR:105072,ACR,ISSUED_BY_PRACTICE
GRH:105076,GRH,ISSUED_BY_PRACTICE
GSIA:105080,GSIA,ISSUED_BY_PRACTICE
RADG:105084,RADG,ISSUED_BY_PRACTICE
RADA:105087,RADA,ISSUED_BY_PRACTICE
RADM:105093,RADM,ISSUED_BY_PRACTICE
PXP:105102,PXP,ISSUED_BY_PRACTICE
ACR:105111,ACR,ISSUED_BY_PRACTICE
RADN:105118,RADN,ISSUED_BY_PRACTICE
SAPA:105126,SAPA,ISSUED_BY_PRACTICE
RADT:105127,RADT,ISSUED_BY_PRACTICE
RADU:105134,RADU,ISSUED_BY_PRACTICE
RADD:105136,RADD,ISSUED_BY_PRACTICE
RADC:105137,RADC,ISSUED_BY_PRACTICE
NRA:105138,NRA,ISSUED_BY_PRACTICE
RADL:105143,RADL,ISSUED_BY_PRACTICE
RADJ:105151,RADJ,ISSUED_BY_PRACTICE
RADZ:105159,RADZ,ISSUED_BY_PRACTICE
RADQ:105160,RADQ,ISSUED_BY_PRACTICE
SAPA:105165,SAPA,ISSUED_BY_PRACTICE
RADM:105173,RADM,ISSUED_BY_PRACTICE
RADC:105174,RADC,ISSUED_BY_PRACTICE
RADT:105183,RADT,ISSUED_BY_PRACTICE
RADJ:105190,RADJ,ISSUED_BY_PRACTICE
SMED:105195,SMED,ISSUED_BY_PRACTICE
PMR:105196,PMR,ISSUED_BY_PRACTICE
RADU:105201,RADU,ISSUED_BY_PRACTICE
RADD:105206,RADD,ISSUED_BY_PRACTICE
RADD:105209,RADD,ISSUED_BY_PRACTICE
RADU:105215,RADU,ISSUED_BY_PRACTICE
GRH:105221,GRH,ISSUED_BY_PRACTICE
RADA:105223,RADA,ISSUED_BY_PRACTICE
MRB:105225,MRB,ISSUED_BY_PRACTICE
IAI:105233,IAI,ISSUED_BY_PRACTICE
CIRPA:105234,CIRPA,ISSUED_BY_PRACTICE
MRB:105237,MRB,ISSUED_BY_PRACTICE
SMED:105239,SMED,ISSUED_BY_PRACTICE
RADY:105244,RADY,ISSUED_BY_PRACTICE
IAI:105247,IAI,ISSUED_BY_PRACTICE
PMR:105251,PMR,ISSUED_BY_PRACTICE
RADO:105254,RADO,ISSUED_BY_PRACTICE
RASFA:105260,RASFA,ISSUED_BY_PRACTICE
SAPA:105268,SAPA,ISSUED_BY_PRACTICE
SMED:105269,SMED,ISSUED_BY_PRACTICE
RADI2:105277,RADI2,ISSUED_BY_PRACTICE
SAPA:105281,SAPA,ISSUED_BY_PRACTICE
IAI:105289,IAI,ISSUED_BY_PRACTICE
GRH:105294,GRH,ISSUED_BY_PRACTICE
GRH:105302,GRH,ISSUED_BY_PRACTICE
ACR:105304,ACR,ISSUED_BY_PRACTICE
RADN:105307,RADN,ISSUED_BY_PRACTICE
RADS2:105309,RADS2,ISSUED_BY_PRACTICE
RADJ:105311,RADJ,ISSUED_BY_PRACTICE
RADU:105313,RADU,ISSUED_BY_PRACTICE
RADC:105320,RADC,ISSUED_BY_PRACTICE
RADR:105327,RADR,ISSUED_BY_PRACTICE
RADY:105333,RADY,ISSUED_BY_PRACTICE
RADL:105336,RADL,ISSUED_BY_PRACTICE
NRA:105344,NRA,ISSUED_BY_PRACTICE
RADM:105345,RADM,ISSUED_BY_PRACTICE
RADF:105354,RADF,ISSUED_BY_PRACTICE
RADS:105358,RADS,ISSUED_BY_PRACTICE
RADC:105364,RADC,ISSUED_BY_PRACTICE
RADL:105369,RADL,ISSUED_BY_PRACTICE
SMED:105375,SMED,ISSUED_BY_PRACTICE
ACR:105378,ACR,ISSUED_BY_PRACTICE
SAPA:105384,SAPA,ISSUED_BY_PRACTICE
IAI:105392,IAI,ISSUED_BY_PRACTICE
RASFA:105400,RASFA,ISSUED_BY_PRACTICE
RADS:105408,RADS,ISSUED_BY_PRACTICE
RADG:105412,RADG,ISSUED_BY_PRACTICE
PMR:105416,PMR,ISSUED_BY_PRACTICE
CRC:105422,CRC,ISSUED_BY_PRACTICE
RADM:105429,RADM,ISSUED_BY_PRACTICE
RADI2:105433,RADI2,ISSUED_BY_PRACTICE
RADL:105434,RADL,ISSUED_BY_PRACTICE
TRI:105436,TRI,ISSUED_BY_PRACTICE
RASFA:105443,RASFA,ISSUED_BY_PRACTICE
RADJ:105444,RADJ,ISSUED_BY_PRACTICE
RADR:105450,RADR,ISSUED_BY_PRACTICE
RADO:105454,RADO,ISSUED_BY_PRACTICE
CRC:105456,CRC,ISSUED_BY_PRACTICE
RADS:105460,RADS,ISSUED_BY_PRACTICE
SAPA:105468,SAPA,ISSUED_BY_PRACTICE
RADI2:105472,RADI2,ISSUED_BY_PRACTICE
RADX:105477,RADX,ISSUED_BY_PRACTICE
RADA:105480,RADA,ISSUED_BY_PRACTICE
RADN:105486,RADN,ISSUED_BY_PRACTICE
CRC:105490,CRC,ISSUED_BY_PRACTICE
RADC:105499,RADC,ISSUED_BY_PRACTICE
RADS:105507,RADS,ISSUED_BY_PRACTICE
GRH:105511,GRH,ISSUED_BY_PRACTICE
NRA:105520,NRA,ISSUED_BY_PRACTICE
RADB:105522,RADB,ISSUED_BY_PRACTICE
NRA:105527,NRA,ISSUED_BY_PRACTICE
WRAD:105532,WRAD,ISSUED_BY_PRACTICE
CRC:105538,CRC,ISSUED_BY_PRACTICE
RADL:105545,RADL,ISSUED_BY_PRACTICE
PXP:105549,PXP,ISSUED_BY_PRACTICE
RADP:105558,RADP,ISSUED_BY_PRACTICE
RADA:105564,RADA,ISSUED_BY_PRACTICE
PXP:105566,PXP,ISSUED_BY_PRACTICE
RADL:105575,RADL,ISSUED_BY_PRACTICE
RADA:105581,RADA,ISSUED_BY_PRACTICE
RADH:105590,RADH,ISSUED_BY_PRACTICE
CIRPA:105593,CIRPA,ISSUED_BY_PRACTICE
CIRPA:105597,CIRPA,ISSUED_BY_PRACTICE
RADZ:105599,RADZ,ISSUED_BY_PRACTICE
PMR:105606,PMR,ISSUED_BY_PRACTICE
RADL:105608,RADL,ISSUED_BY_PRACTICE
IAI:105609,IAI,ISSUED_BY_PRACTICE
RADK:105613,RADK,ISSUED_BY_PRACTICE
SMED:105622,SMED,ISSUED_BY_PRACTICE
SMED:105627,SMED,ISSUED_BY_PRACTICE
ACR:105628,ACR,ISSUED_BY_PRACTICE
PMR:105636,PMR,ISSUED_BY_PRACTICE
RADP:105638,RADP,ISSUED_BY_PRACTICE
RADT:105646,RADT,ISSUED_BY_PRACTICE
RADZ:105651,RADZ,ISSUED_BY_PRACTICE
RADG:105657,RADG,ISSUED_BY_PRACTICE
RADS:105660,RADS,ISSUED_BY_PRACTICE
PXP:105667,PXP,ISSUED_BY_PRACTICE
RADN:105672,RADN,ISSUED_BY_PRACTICE
RADK:105673,RADK,ISSUED_BY_PRACTICE
TRI:105682,TRI,ISSUED_BY_PRACTICE
RADG:105691,RADG,ISSUED_BY_PRACTICE
RADR:105697,RADR,ISSUED_BY_PRACTICE
RADO:105700,RADO,ISSUED_BY_PRACTICE
WRAD:105701,WRAD,ISSUED_BY_PRACTICE
RADX:105707,RADX,ISSUED_BY_PRACTICE
ESR:105708,ESR,ISSUED_BY_PRACTICE
NRAA:105710,NRAA,ISSUED_BY_PRACTICE
RADM:105714,RADM,ISSUED_BY_PRACTICE
RADP:105720,RADP,ISSUED_BY_PRACTICE
NRA:105722,NRA,ISSUED_BY_PRACTICE
RADA:105724,RADA,ISSUED_BY_PRACTICE
RADH:105730,RADH,ISSUED_BY_PRACTICE
WRAD:105739,WRAD,ISSUED_BY_PRACTICE
RADG:105746,RADG,ISSUED_BY_PRACTICE
TRI:105751,TRI,ISSUED_BY_PRACTICE
ESR:105752,ESR,ISSUED_BY_PRACTICE
GSIA:105754,GSIA,ISSUED_BY_PRACTICE
ACR:105760,ACR,ISSUED_BY_PRACTICE
TRI:105766,TRI,ISSUED_BY_PRACTICE
RADP:105774,RADP,ISSUED_BY_PRACTICE
RADG:105779,RADG,ISSUED_BY_PRACTICE
PMR:105786,PMR,ISSUED_BY_PRACTICE
RADM:105795,RADM,ISSUED_BY_PRACTICE
RADT:105797,RADT,ISSUED_BY_PRACTICE
RADE:105800,RADE,ISSUED_BY_PRACTICE
RADP:105801,RADP,ISSUED_BY_PRACTICE
RADB:105807,RADB,ISSUED_BY_PRACTICE
RADF:105809,RADF,ISSUED_BY_PRACTICE
RADG:105811,RADG,ISSUED_BY_PRACTICE
ACR:105816,ACR,ISSUED_BY_PRACTICE
PXP:105817,PXP,ISSUED_BY_PRACTICE
TRI:105818,TRI,ISSUED_BY_PRACTICE
TRI:105821,TRI,ISSUED_BY_PRACTICE
NRAA:105827,NRAA,ISSUED_BY_PRACTICE
CRC:105833,CRC,ISSUED_BY_PRACTICE
RADI2:105841,RADI2,ISSUED_BY_PRACTICE
TRI:105844,TRI,ISSUED_BY_PRACTICE
RADK:105851,RADK,ISSUED_BY_PRACTICE
RADI:105859,RADI,ISSUED_BY_PRACTICE
GSIA:105868,GSIA,ISSUED_BY_PRACTICE
RADQ:105877,RADQ,ISSUED_BY_PRACTICE
RADN:105878,RADN,ISSUED_BY_PRACTICE
RASFA:105886,RASFA,ISSUED_BY_PRACTICE
ESR:105887,ESR,ISSUED_BY_PRACTICE
WRAD:105891,WRAD,ISSUED_BY_PRACTICE
SMED:105897,SMED,ISSUED_BY_PRACTICE
RADA:105898,RADA,ISSUED_BY_PRACTICE
RADB:105902,RADB,ISSUED_BY_PRACTICE
RADY:105903,RADY,ISSUED_BY_PRACTICE
SAPA:105905,SAPA,ISSUED_BY_PRACTICE
RADQ:105912,RADQ,ISSUED_BY_PRACTICE
WRAD:105917,WRAD,ISSUED_BY_PRACTICE
CIRPA:105926,CIRPA,ISSUED_BY_PRACTICE
NRA:105930,NRA,ISSUED_BY_PRACTICE
IAI:105935,IAI,ISSUED_BY_PRACTICE
RADT:105936,RADT,ISSUED_BY_PRACTICE
RADZ:105942,RADZ,ISSUED_BY_PRACTICE
RADJ:105945,RADJ,ISSUED_BY_PRACTICE
RADE:105951,RADE,ISSUED_BY_PRACTICE
IAI:105956,IAI,ISSUED_BY_PRACTICE
IAI:105961,IAI,ISSUED_BY_PRACTICE
CIRPA:105966,CIRPA,ISSUED_BY_PRACTICE
NRAA:105971,NRAA,ISSUED_BY_PRACTICE
RADU:105978,RADU,ISSUED_BY_PRACTICE
RADU:105984,RADU,ISSUED_BY_PRACTICE
RADF:105990,RADF,ISSUED_BY_PRACTICE
RADP:105992,RADP,ISSUED_BY_PRACTICE
ESR:106001,ESR,ISSUED_BY_PRACTICE
RADI:106004,RADI,ISSUED_BY_PRACTICE
RADN:106011,RADN,ISSUED_BY_PRACTICE
RADI2:106013,RADI2,ISSUED_BY_PRACTICE
RADF:106020,RADF,ISSUED_BY_PRACTICE
TRI:106025,TRI,ISSUED_BY_PRACTICE
RASFA:106031,RASFA,ISSUED_BY_PRACTICE
RADJ:106037,RADJ,ISSUED_BY_PRACTICE
RADJ:106042,RADJ,ISSUED_BY_PRACTICE
PXP:106044,PXP,ISSUED_BY_PRACTICE
RADC:106046,RADC,ISSUED_BY_PRACTICE
RADC:106055,RADC,ISSUED_BY_PRACTICE
IAI:106062,IAI,ISSUED_BY_PRACTICE
ACR:106070,ACR,ISSUED_BY_PRACTICE
RADM:106079,RADM,ISSUED_BY_PRACTICE
SMED:106084,SMED,ISSUED_BY_PRACTICE
RADY:106085,RADY,ISSUED_BY_PRACTICE
SMED:106089,SMED,ISSUED_BY_PRACTICE
RADR:106092,RADR,ISSUED_BY_PRACTICE
SMED:106099,SMED,ISSUED_BY_PRACTICE
NRA:106103,NRA,ISSUED_BY_PRACTICE
CRC:106105,CRC,ISSUED_BY_PRACTICE
RADU:106110,RADU,ISSUED_BY_PRACTICE
SAPA:106111,SAPA,ISSUED_BY_PRACTICE
TRI:106120,TRI,ISSUED_BY_PRACTICE
RADX:106126,RADX,ISSUED_BY_PRACTICE
RADJ:106132,RADJ,ISSUED_BY_PRACTICE
RADU:106136,RADU,ISSUED_BY_PRACTICE
RADT:106140,RADT,ISSUED_BY_PRACTICE
PMR:106146,PMR,ISSUED_BY_PRACTICE
RADA:106153,RADA,ISSUED_BY_PRACTICE
RADY:106160,RADY,ISSUED_BY_PRACTICE
RADP:106161,RADP,ISSUED_BY_PRACTICE
RADE:106165,RADE,ISSUED_BY_PRACTICE
PXP:106170,PXP,ISSUED_BY_PRACTICE
ACR:106172,ACR,ISSUED_BY_PRACTICE
RADL:106178,RADL,ISSUED_BY_PRACTICE
RADQ:106182,RADQ,ISSUED_BY_PRACTICE
ESR:106189,ESR,ISSUED_BY_PRACTICE
NRA:106190,NRA,ISSUED_BY_PRACTICE
RADZ:106196,RADZ,ISSUED_BY_PRACTICE
CIRPA:106198,CIRPA,ISSUED_BY_PRACTICE
SMED:106204,SMED,ISSUED_BY_PRACTICE
RADY:106213,RADY,ISSUED_BY_PRACTICE
RADA:106218,RADA,ISSUED_BY_PRACTICE
RADG:106220,RADG,ISSUED_BY_PRACTICE
RADG:106226,RADG,ISSUED_BY_PRACTICE
RADE:106228,RADE,ISSUED_BY_PRACTICE
RASFA:106229,RASFA,ISSUED_BY_PRACTICE
NRA:106237,NRA,ISSUED_BY_PRACTICE
ACR:106238,ACR,ISSUED_BY_PRACTICE
ESR:106242,ESR,ISSUED_BY_PRACTICE
PMR:106251,PMR,ISSUED_BY_PRACTICE
WRAD:106260,WRAD,ISSUED_BY_PRACTICE
RADS2:106262,RADS2,ISSUED_BY_PRACTICE
SAPA:106266,SAPA,ISSUED_BY_PRACTICE
RADQ:106271,RADQ,ISSUED_BY_PRACTICE
RADM:106272,RADM,ISSUED_BY_PRACTICE
RADO:106279,RADO,ISSUED_BY_PRACTICE
RADI:106287,RADI,ISSUED_BY_PRACTICE
NRAA:106288,NRAA,ISSUED_BY_PRACTICE
TRI:106294,TRI,ISSUED_BY_PRACTICE
RADQ:106300,RADQ,ISSUED_BY_PRACTICE
IAI:106308,IAI,ISSUED_BY_PRACTICE
RASFA:106314,RASFA,ISSUED_BY_PRACTICE
WRAD:106318,WRAD,ISSUED_BY_PRACTICE
RADU:106319,RADU,ISSUED_BY_PRACTICE
RADS:106325,RADS,ISSUED_BY_PRACTICE
RADL:106332,RADL,ISSUED_BY_PRACTICE
RADL:106335,RADL,ISSUED_BY_PRACTICE
RADJ:106336,RADJ,ISSUED_BY_PRACTICE
ACR:106340,ACR,ISSUED_BY_PRACTICE
ACR:106344,ACR,ISSUED_BY_PRACTICE
RADS2:106351,RADS2,ISSUED_BY_PRACTICE
RADJ:106354,RADJ,ISSUED_BY_PRACTICE
RADU:106356,RADU,ISSUED_BY_PRACTICE
RADS2:106358,RADS2,ISSUED_BY_PRACTICE
SMED:106359,SMED,ISSUED_BY_PRACTICE
RADH:106365,RADH,ISSUED_BY_PRACTICE
PXP:106371,PXP,ISSUED_BY_PRACTICE
RADY:106378,RADY,ISSUED_BY_PRACTICE
RADY:106384,RADY,ISSUED_BY_PRACTICE
RADR:106391,RADR,ISSUED_BY_PRACTICE
RADJ:106398,RADJ,ISSUED_BY_PRACTICE
ACRB:106403,ACRB,ISSUED_BY_PRACTICE
RADT:106406,RADT,ISSUED_BY_PRACTICE
IAI:106414,IAI,ISSUED_BY_PRACTICE
RADX:106415,RADX,ISSUED_BY_PRACTICE
RADL:106417,RADL,ISSUED_BY_PRACTICE
RADS:106419,RADS,ISSUED_BY_PRACTICE
RADU:106421,RADU,ISSUED_BY_PRACTICE
RADX:106430,RADX,ISSUED_BY_PRACTICE
RADK:106438,RADK,ISSUED_BY_PRACTICE
RADF:106444,RADF,ISSUED_BY_PRACTICE
GSIA:106447,GSIA,ISSUED_BY_PRACTICE
PXP:106451,PXP,ISSUED_BY_PRACTICE
NRA:106454,NRA,ISSUED_BY_PRACTICE
RADZ:106463,RADZ,ISSUED_BY_PRACTICE
RADG:106469,RADG,ISSUED_BY_PRACTICE
RADL:106477,RADL,ISSUED_BY_PRACTICE
RADY:106484,RADY,ISSUED_BY_PRACTICE
WRAD:106488,WRAD,ISSUED_BY_PRACTICE
RADI:106489,RADI,ISSUED_BY_PRACTICE
WRAD:106492,WRAD,ISSUED_BY_PRACTICE
RASFA:106495,RASFA,ISSUED_BY_PRACTICE
GRH:106497,GRH,ISSUED_BY_PRACTICE
RADA:106498,RADA,ISSUED_BY_PRACTICE
PMR:106504,PMR,ISSUED_BY_PRACTICE
GSIA:106506,GSIA,ISSUED_BY_PRACTICE
TRI:106510,TRI,ISSUED_BY_PRACTICE
RADL:106514,RADL,ISSUED_BY_PRACTICE
IAI:106517,IAI,ISSUED_BY_PRACTICE
RADA:106518,RADA,ISSUED_BY_PRACTICE
RADX:106525,RADX,ISSUED_BY_PRACTICE
RADO:106531,RADO,ISSUED_BY_PRACTICE
RADM:106535,RADM,ISSUED_BY_PRACTICE
CRC:106544,CRC,ISSUED_BY_PRACTICE
SMED:106550,SMED,ISSUED_BY_PRACTICE
RADS:106558,RADS,ISSUED_BY_PRACTICE
ESR:106561,ESR,ISSUED_BY_PRACTICE
RADJ:106566,RADJ,ISSUED_BY_PRACTICE
PMR:106567,PMR,ISSUED_BY_PRACTICE
RADX:106575,RADX,ISSUED_BY_PRACTICE
IAI:106584,IAI,ISSUED_BY_PRACTICE
RADA:106585,RADA,ISSUED_BY_PRACTICE
RADC:106588,RADC,ISSUED_BY_PRACTICE
NRA:106596,NRA,ISSUED_BY_PRACTICE
RADR:106604,RADR,ISSUED_BY_PRACTICE
CRC:106610,CRC,ISSUED_BY_PRACTICE
RADS:106614,RADS,ISSUED_BY_PRACTICE
RADS2:106621,RADS2,ISSUED_BY_PRACTICE
RADY:106624,RADY,ISSUED_BY_PRACTICE
RADJ:106632,RADJ,ISSUED_BY_PRACTICE
RADS2:106641,RADS2,ISSUED_BY_PRACTICE
MRB:106644,MRB,ISSUED_BY_PRACTICE
RASFA:106653,RASFA,ISSUED_BY_PRACTICE
CIRPA:106658,CIRPA,ISSUED_BY_PRACTICE
RADA:106660,RADA,ISSUED_BY_PRACTICE
ACR:106662,ACR,ISSUED_BY_PRACTICE
NRA:106665,NRA,ISSUED_BY_PRACTICE
RADH:106670,RADH,ISSUED_BY_PRACTICE
RADU:106675,RADU,ISSUED_BY_PRACTICE
RADZ:106676,RADZ,ISSUED_BY_PRACTICE
RADO:106680,RADO,ISSUED_BY_PRACTICE
GRH:106681,GRH,ISSUED_BY_PRACTICE
MRB:106685,MRB,ISSUED_BY_PRACTICE
RADM:106691,RADM,ISSUED_BY_PRACTICE
MRB:106696,MRB,ISSUED_BY_PRACTICE
RADL:106701,RADL,ISSUED_BY_PRACTICE
RADT:106710,RADT,ISSUED_BY_PRACTICE
RADC:106718,RADC,ISSUED_BY_PRACTICE
RADM:106721,RADM,ISSUED_BY_PRACTICE
RADB:106722,RADB,ISSUED_BY_PRACTICE
RADG:106731,RADG,ISSUED_BY_PRACTICE
RADC:106737,RADC,ISSUED_BY_PRACTICE
RADC:106740,RADC,ISSUED_BY_PRACTICE
RADL:106749,RADL,ISSUED_BY_PRACTICE
RADC:106757,RADC,ISSUED_BY_PRACTICE
RADH:106762,RADH,ISSUED_BY_PRACTICE
TRI:106769,TRI,ISSUED_BY_PRACTICE
NRA:106772,NRA,ISSUED_BY_PRACTICE
RASFA:106779,RASFA,ISSUED_BY_PRACTICE
NRA:106783,NRA,ISSUED_BY_PRACTICE
RADG:106789,RADG,ISSUED_BY_PRACTICE
RADZ:106791,RADZ,ISSUED_BY_PRACTICE
PMR:106793,PMR,ISSUED_BY_PRACTICE
RADN:106800,RADN,ISSUED_BY_PRACTICE
PMR:106805,PMR,ISSUED_BY_PRACTICE
CIRPA:106808,CIRPA,ISSUED_BY_PRACTICE
ACRB:106816,ACRB,ISSUED_BY_PRACTICE
PMR:106824,PMR,ISSUED_BY_PRACTICE
ESR:106829,ESR,ISSUED_BY_PRACTICE
SAPA:106832,SAPA,ISSUED_BY_PRACTICE
RADH:106838,RADH,ISSUED_BY_PRACTICE
PMR:106847,PMR,ISSUED_BY_PRACTICE
RADX:106848,RADX,ISSUED_BY_PRACTICE
RADF:106849,RADF,ISSUED_BY_PRACTICE
RADA:106858,RADA,ISSUED_BY_PRACTICE
PMR:106863,PMR,ISSUED_BY_PRACTICE
ESR:106870,ESR,ISSUED_BY_PRACTICE
RASFA:106878,RASFA,ISSUED_BY_PRACTICE
RADX:106885,RADX,ISSUED_BY_PRACTICE
RADR:106890,RADR,ISSUED_BY_PRACTICE
RADQ:106892,RADQ,ISSUED_BY_PRACTICE
RADC:106897,RADC,ISSUED_BY_PRACTICE
RADO:106906,RADO,ISSUED_BY_PRACTICE
RADE:106913,RADE,ISSUED_BY_PRACTICE
RADZ:106919,RADZ,ISSUED_BY_PRACTICE
RADE:106923,RADE,ISSUED_BY_PRACTICE
GSIA:106928,GSIA,ISSUED_BY_PRACTICE
NRAA:106930,NRAA,ISSUED_BY_PRACTICE
RADR:106938,RADR,ISSUED_BY_PRACTICE
RADP:106945,RADP,ISSUED_BY_PRACTICE
RASFA:106954,RASFA,ISSUED_BY_PRACTICE
WRAD:106961,WRAD,ISSUED_BY_PRACTICE
ESR:106967,ESR,ISSUED_BY_PRACTICE
CIRPA:106970,CIRPA,ISSUED_BY_PRACTICE
IAI:106971,IAI,ISSUED_BY_PRACTICE
RADB:106972,RADB,ISSUED_BY_PRACTICE
NRA:106974,NRA,ISSUED_BY_PRACTICE
IAI:106976,IAI,ISSUED_BY_PRACTICE
ESR:106978,ESR,ISSUED_BY_PRACTICE
PXP:106985,PXP,ISSUED_BY_PRACTICE
RADZ:106990,RADZ,ISSUED_BY_PRACTICE
RADS2:106997,RADS2,ISSUED_BY_PRACTICE
RADS:107000,RADS,ISSUED_BY_PRACTICE
RADE:107007,RADE,ISSUED_BY_PRACTICE
RADD:107008,RADD,ISSUED_BY_PRACTICE
PXP:107012,PXP,ISSUED_BY_PRACTICE
TRI:107013,TRI,ISSUED_BY_PRACTICE
NRA:107016,NRA,ISSUED_BY_PRACTICE
RADY:107023,RADY,ISSUED_BY_PRACTICE
RADZ:107030,RADZ,ISSUED_BY_PRACTICE
WRAD:107031,WRAD,ISSUED_BY_PRACTICE
NRAA:107033,NRAA,ISSUED_BY_PRACTICE
GRH:107034,GRH,ISSUED_BY_PRACTICE
RADN:107042,RADN,ISSUED_BY_PRACTICE
WRAD:107051,WRAD,ISSUED_BY_PRACTICE
RADQ:107053,RADQ,ISSUED_BY_PRACTICE
RADD:107062,RADD,ISSUED_BY_PRACTICE
RADS2:107070,RADS2,ISSUED_BY_PRACTICE
RADX:107076,RADX,ISSUED_BY_PRACTICE
RADS2:107084,RADS2,ISSUED_BY_PRACTICE
RADA:107092,RADA,ISSUED_BY_PRACTICE
CRC:107096,CRC,ISSUED_BY_PRACTICE
RADG:107099,RADG,ISSUED_BY_PRACTICE
RADQ:107100,RADQ,ISSUED_BY_PRACTICE
RADM:107101,RADM,ISSUED_BY_PRACTICE
RADB:107105,RADB,ISSUED_BY_PRACTICE
NRAA:107113,NRAA,ISSUED_BY_PRACTICE
RADI2:107119,RADI2,ISSUED_BY_PRACTICE
IAI:107123,IAI,ISSUED_BY_PRACTICE
RADK:107128,RADK,ISSUED_BY_PRACTICE
RADC:107131,RADC,ISSUED_BY_PRACTICE
NRA:107137,NRA,ISSUED_BY_PRACTICE
RADS:107141,RADS,ISSUED_BY_PRACTICE
WRAD:107148,WRAD,ISSUED_BY_PRACTICE
RADP:107157,RADP,ISSUED_BY_PRACTICE
SMED:107164,SMED,ISSUED_BY_PRACTICE
RADX:107167,RADX,ISSUED_BY_PRACTICE
RADI:107174,RADI,ISSUED_BY_PRACTICE
IAI:107175,IAI,ISSUED_BY_PRACTICE
RADI:107176,RADI,ISSUED_BY_PRACTICE
RADI:107181,RADI,ISSUED_BY_PRACTICE
RADI2:107188,RADI2,ISSUED_BY_PRACTICE
RADY:107193,RADY,ISSUED_BY_PRACTICE
RADK:107197,RADK,ISSUED_BY_PRACTICE
RADK:107204,RADK,ISSUED_BY_PRACTICE
RADC:107205,RADC,ISSUED_BY_PRACTICE
RADB:107212,RADB,ISSUED_BY_PRACTICE
GRH:107214,GRH,ISSUED_BY_PRACTICE
RADS:107221,RADS,ISSUED_BY_PRACTICE
CRC:107222,CRC,ISSUED_BY_PRACTICE
NRA:107224,NRA,ISSUED_BY_PRACTICE
RADA:107226,RADA,ISSUED_BY_PRACTICE
RADM:107231,RADM,ISSUED_BY_PRACTICE
SAPA:107238,SAPA,ISSUED_BY_PRACTICE
RADE:107247,RADE,ISSUED_BY_PRACTICE
RADE:107254,RADE,ISSUED_BY_PRACTICE
RADL:107260,RADL,ISSUED_BY_PRACTICE
RADS2:107269,RADS2,ISSUED_BY_PRACTICE
GRH:107274,GRH,ISSUED_BY_PRACTICE
ACRB:107281,ACRB,ISSUED_BY_PRACTICE
RADS:107290,RADS,ISSUED_BY_PRACTICE
ESR:107295,ESR,ISSUED_BY_PRACTICE
IAI:107300,IAI,ISSUED_BY_PRACTICE
GSIA:107307,GSIA,ISSUED_BY_PRACTICE
IAI:107314,IAI,ISSUED_BY_PRACTICE
NRA:107321,NRA,ISSUED_BY_PRACTICE
PXP:107327,PXP,ISSUED_BY_PRACTICE
NRA:107333,NRA,ISSUED_BY_PRACTICE
RADR:107340,RADR,ISSUED_BY_PRACTICE
RADC:107343,RADC,ISSUED_BY_PRACTICE
TRI:107347,TRI,ISSUED_BY_PRACTICE
RADC:107356,RADC,ISSUED_BY_PRACTICE
RADS2:107358,RADS2,ISSUED_BY_PRACTICE
RADI:107362,RADI,ISSUED_BY_PRACTICE
RADT:107368,RADT,ISSUED_BY_PRACTICE
RADQ:107377,RADQ,ISSUED_BY_PRACTICE
RADM:107385,RADM,ISSUED_BY_PRACTICE
RADB:107388,RADB,ISSUED_BY_PRACTICE
RASFA:107395,RASFA,ISSUED_BY_PRACTICE
NRA:107398,NRA,ISSUED_BY_PRACTICE
RADK:107402,RADK,ISSUED_BY_PRACTICE
NRA:107411,NRA,ISSUED_BY_PRACTICE
RADQ:107419,RADQ,ISSUED_BY_PRACTICE
RADZ:107421,RADZ,ISSUED_BY_PRACTICE
IAI:107429,IAI,ISSUED_BY_PRACTICE
RADP:107432,RADP,ISSUED_BY_PRACTICE
NRA:107435,NRA,ISSUED_BY_PRACTICE
RADB:107441,RADB,ISSUED_BY_PRACTICE
RADR:107444,RADR,ISSUED_BY_PRACTICE
RADH:107452,RADH,ISSUED_BY_PRACTICE
GSIA:107454,GSIA,ISSUED_BY_PRACTICE
RADH:107461,RADH,ISSUED_BY_PRACTICE
CIRPA:107466,CIRPA,ISSUED_BY_PRACTICE
RADE:107473,RADE,ISSUED_BY_PRACTICE
ACR:107478,ACR,ISSUED_BY_PRACTICE
RADK:107487,RADK,ISSUED_BY_PRACTICE
RADA:107488,RADA,ISSUED_BY_PRACTICE
SMED:107497,SMED,ISSUED_BY_PRACTICE
RADI:107503,RADI,ISSUED_BY_PRACTICE
RADO:107512,RADO,ISSUED_BY_PRACTICE
RADO:107521,RADO,ISSUED_BY_PRACTICE
RADE:107528,RADE,ISSUED_BY_PRACTICE
RADS2:107533,RADS2,ISSUED_BY_PRACTICE
RADU:107535,RADU,ISSUED_BY_PRACTICE
RADQ:107541,RADQ,ISSUED_BY_PRACTICE
WRAD:107548,WRAD,ISSUED_BY_PRACTICE
ACR:107554,ACR,ISSUED_BY_PRACTICE
RADT:107556,RADT,ISSUED_BY_PRACTICE
GRH:107562,GRH,ISSUED_BY_PRACTICE
RADO:107569,RADO,ISSUED_BY_PRACTICE
RADL:107573,RADL,ISSUED_BY_PRACTICE
RADL:107582,RADL,ISSUED_BY_PRACTICE
CIRPA:107591,CIRPA,ISSUED_BY_PRACTICE
RADH:107599,RADH,ISSUED_BY_PRACTICE
RADS:107608,RADS,ISSUED_BY_PRACTICE
IAI:107613,IAI,ISSUED_BY_PRACTICE
RADR:107619,RADR,ISSUED_BY_PRACTICE
RADR:107628,RADR,ISSUED_BY_PRACTICE
RADK:107635,RADK,ISSUED_BY_PRACTICE
RADT:107636,RADT,ISSUED_BY_PRACTICE
PMR:107640,PMR,ISSUED_BY_PRACTICE
NRAA:107645,NRAA,ISSUED_BY_PRACTICE
PMR:107649,PMR,ISSUED_BY_PRACTICE
NRAA:107651,NRAA,ISSUED_BY_PRACTICE
ESR:107659,ESR,ISSUED_BY_PRACTICE
RADK:107664,RADK,ISSUED_BY_PRACTICE
SAPA:107671,SAPA,ISSUED_BY_PRACTICE
ESR:107672,ESR,ISSUED_BY_PRACTICE
RADR:107681,RADR,ISSUED_BY_PRACTICE
RADS2:107687,RADS2,ISSUED_BY_PRACTICE
RADN:107694,RADN,ISSUED_BY_PRACTICE
NRAA:107698,NRAA,ISSUED_BY_PRACTICE
RADQ:107705,RADQ,ISSUED_BY_PRACTICE
RADI:107713,RADI,ISSUED_BY_PRACTICE
RADL:107722,RADL,ISSUED_BY_PRACTICE
RADD:107723,RADD,ISSUED_BY_PRACTICE
RADC:107728,RADC,ISSUED_BY_PRACTICE
WRAD:107730,WRAD,ISSUED_BY_PRACTICE
RADJ:107734,RADJ,ISSUED_BY_PRACTICE
RADS2:107743,RADS2,ISSUED_BY_PRACTICE
RADS:107744,RADS,ISSUED_BY_PRACTICE
RADG:107752,RADG,ISSUED_BY_PRACTICE
MRB:107753,MRB,ISSUED_BY_PRACTICE
WRAD:107755,WRAD,ISSUED_BY_PRACTICE
RADK:107760,RADK,ISSUED_BY_PRACTICE
RADH:107765,RADH,ISSUED_BY_PRACTICE
MRB:107769,MRB,ISSUED_BY_PRACTICE
RASFA:107772,RASFA,ISSUED_BY_PRACTICE
RADU:107775,RADU,ISSUED_BY_PRACTICE
RADR:107779,RADR,ISSUED_BY_PRACTICE
RADK:107782,RADK,ISSUED_BY_PRACTICE
RADA:107783,RADA,ISSUED_BY_PRACTICE
RADY:107792,RADY,ISSUED_BY_PRACTICE
RADH:107800,RADH,ISSUED_BY_PRACTICE
RADK:107808,RADK,ISSUED_BY_PRACTICE
RADF:107809,RADF,ISSUED_BY_PRACTICE
GSIA:107815,GSIA,ISSUED_BY_PRACTICE
RADN:107818,RADN,ISSUED_BY_PRACTICE
WRAD:107822,WRAD,ISSUED_BY_PRACTICE
RADB:107824,RADB,ISSUED_BY_PRACTICE
RADB:107828,RADB,ISSUED_BY_PRACTICE
RADE:107831,RADE,ISSUED_BY_PRACTICE
SAPA:107832,SAPA,ISSUED_BY_PRACTICE
RADP:107836,RADP,ISSUED_BY_PRACTICE
RADA:107838,RADA,ISSUED_BY_PRACTICE
RADG:107840,RADG,ISSUED_BY_PRACTICE
PMR:107849,PMR,ISSUED_BY_PRACTICE
RADQ:107856,RADQ,ISSUED_BY_PRACTICE
SMED:107860,SMED,ISSUED_BY_PRACTICE
CRC:107868,CRC,ISSUED_BY_PRACTICE
RASFA:107872,RASFA,ISSUED_BY_PRACTICE
RADB:107876,RADB,ISSUED_BY_PRACTICE
NRA:107880,NRA,ISSUED_BY_PRACTICE
RADI2:107882,RADI2,ISSUED_BY_PRACTICE
WRAD:107886,WRAD,ISSUED_BY_PRACTICE
RADB:107888,RADB,ISSUED_BY_PRACTICE
RADD:107891,RADD,ISSUED_BY_PRACTICE
RADT:107893,RADT,ISSUED_BY_PRACTICE
RADC:107897,RADC,ISSUED_BY_PRACTICE
RADS:107899,RADS,ISSUED_BY_PRACTICE
RADI:107906,RADI,ISSUED_BY_PRACTICE
RADB:107912,RADB,ISSUED_BY_PRACTICE
RADP:107921,RADP,ISSUED_BY_PRACTICE
GSIA:107927,GSIA,ISSUED_BY_PRACTICE
RADH:107935,RADH,ISSUED_BY_PRACTICE
CIRPA:107938,CIRPA,ISSUED_BY_PRACTICE
RADH:107946,RADH,ISSUED_BY_PRACTICE
RADZ:107948,RADZ,ISSUED_BY_PRACTICE
RASFA:107951,RASFA,ISSUED_BY_PRACTICE
RADS2:107957,RADS2,ISSUED_BY_PRACTICE
ACRB:107961,ACRB,ISSUED_BY_PRACTICE
RADO:107962,RADO,ISSUED_BY_PRACTICE
NRAA:107971,NRAA,ISSUED_BY_PRACTICE
RADL:107976,RADL,ISSUED_BY_PRACTICE
RADC:107985,RADC,ISSUED_BY_PRACTICE
PMR:107987,PMR,ISSUED_BY_PRACTICE
RADO:107993,RADO,ISSUED_BY_PRACTICE
RADI:107996,RADI,ISSUED_BY_PRACTICE
CIRPA:108005,CIRPA,ISSUED_BY_PRACTICE
RASFA:108012,RASFA,ISSUED_BY_PRACTICE
RADR:108016,RADR,ISSUED_BY_PRACTICE
RADS:108018,RADS,ISSUED_BY_PRACTICE
TRI:108019,TRI,ISSUED_BY_PRACTICE
MRB:108025,MRB,ISSUED_BY_PRACTICE
RADZ:108034,RADZ,ISSUED_BY_PRACTICE
RADS2:108037,RADS2,ISSUED_BY_PRACTICE
RADH:108043,RADH,ISSUED_BY_PRACTICE
RADF:108048,RADF,ISSUED_BY_PRACTICE
IAI:108056,IAI,ISSUED_BY_PRACTICE
WRAD:108057,WRAD,ISSUED_BY_PRACTICE
RADK:108062,RADK,ISSUED_BY_PRACTICE
RADM:108065,RADM,ISSUED_BY_PRACTICE
NRAA:108066,NRAA,ISSUED_BY_PRACTICE
RADL:108071,RADL,ISSUED_BY_PRACTICE
RADM:108074,RADM,ISSUED_BY_PRACTICE
GSIA:108082,GSIA,ISSUED_BY_PRACTICE
SMED:108087,SMED,ISSUED_BY_PRACTICE
RADS2:108092,RADS2,ISSUED_BY_PRACTICE
CRC:108100,CRC,ISSUED_BY_PRACTICE
RADR:108105,RADR,ISSUED_BY_PRACTICE
RADQ:108113,RADQ,ISSUED_BY_PRACTICE
GSIA:108114,GSIA,ISSUED_BY_PRACTICE
PXP:108120,PXP,ISSUED_BY_PRACTICE
RADL:108128,RADL,ISSUED_BY_PRACTICE
WRAD:108134,WRAD,ISSUED_BY_PRACTICE
RADC:108137,RADC,ISSUED_BY_PRACTICE
RADZ:108146,RADZ,ISSUED_BY_PRACTICE
RADA:108149,RADA,ISSUED_BY_PRACTICE
RADC:108158,RADC,ISSUED_BY_PRACTICE
RADR:108164,RADR,ISSUED_BY_PRACTICE
PMR:108169,PMR,ISSUED_BY_PRACTICE
SMED:108172,SMED,ISSUED_BY_PRACTICE
PXP:108176,PXP,ISSUED_BY_PRACTICE
RADN:108177,RADN,ISSUED_BY_PRACTICE
RADJ:108184,RADJ,ISSUED_BY_PRACTICE
PMR:108188,PMR,ISSUED_BY_PRACTICE
SAPA:108197,SAPA,ISSUED_BY_PRACTICE
MRB:108205,MRB,ISSUED_BY_PRACTICE
NRAA:108207,NRAA,ISSUED_BY_PRACTICE
SAPA:108213,SAPA,ISSUED_BY_PRACTICE
RADO:108222,RADO,ISSUED_BY_PRACTICE
RADJ:108230,RADJ,ISSUED_BY_PRACTICE
RADJ:108237,RADJ,ISSUED_BY_PRACTICE
RADF:108241,RADF,ISSUED_BY_PRACTICE
IAI:108248,IAI,ISSUED_BY_PRACTICE
RADG:108252,RADG,ISSUED_BY_PRACTICE
RADR:108255,RADR,ISSUED_BY_PRACTICE
GRH:108259,GRH,ISSUED_BY_PRACTICE
RADB:108262,RADB,ISSUED_BY_PRACTICE
RADQ:108269,RADQ,ISSUED_BY_PRACTICE
CIRPA:108276,CIRPA,ISSUED_BY_PRACTICE
RADS2:108283,RADS2,ISSUED_BY_PRACTICE
RADS:108287,RADS,ISSUED_BY_PRACTICE
SAPA:108294,SAPA,ISSUED_BY_PRACTICE
SAPA:108300,SAPA,ISSUED_BY_PRACTICE
PXP:108301,PXP,ISSUED_BY_PRACTICE
RADA:108302,RADA,ISSUED_BY_PRACTICE
NRAA:108307,NRAA,ISSUED_BY_PRACTICE
RADT:108312,RADT,ISSUED_BY_PRACTICE
PMR:108318,PMR,ISSUED_BY_PRACTICE
IAI:108323,IAI,ISSUED_BY_PRACTICE
RADG:108332,RADG,ISSUED_BY_PRACTICE
ACRB:108336,ACRB,ISSUED_BY_PRACTICE
ACRB:108343,ACRB,ISSUED_BY_PRACTICE
RADX:108352,RADX,ISSUED_BY_PRACTICE
IAI:108361,IAI,ISSUED_BY_PRACTICE
RADP:108364,RADP,ISSUED_BY_PRACTICE
RADJ:108366,RADJ,ISSUED_BY_PRACTICE
RADE:108367,RADE,ISSUED_BY_PRACTICE
RADC:108374,RADC,ISSUED_BY_PRACTICE
RADP:108376,RADP,ISSUED_BY_PRACTICE
RADD:108378,RADD,ISSUED_BY_PRACTICE
RADH:108385,RADH,ISSUED_BY_PRACTICE
RASFA:108393,RASFA,ISSUED_BY_PRACTICE
RADN:108397,RADN,ISSUED_BY_PRACTICE
RADZ:108400,RADZ,ISSUED_BY_PRACTICE
RADX:108406,RADX,ISSUED_BY_PRACTICE
NRA:108412,NRA,ISSUED_BY_PRACTICE
GSIA:108417,GSIA,ISSUED_BY_PRACTICE
RADU:108422,RADU,ISSUED_BY_PRACTICE
IAI:108425,IAI,ISSUED_BY_PRACTICE
RADH:108431,RADH,ISSUED_BY_PRACTICE
SAPA:108436,SAPA,ISSUED_BY_PRACTICE
RADS2:108442,RADS2,ISSUED_BY_PRACTICE
IAI:108444,IAI,ISSUED_BY_PRACTICE
CIRPA:108446,CIRPA,ISSUED_BY_PRACTICE
RADO:108452,RADO,ISSUED_BY_PRACTICE
ACR:108456,ACR,ISSUED_BY_PRACTICE
RADO:108465,RADO,ISSUED_BY_PRACTICE
RADX:108469,RADX,ISSUED_BY_PRACTICE
GRH:108475,GRH,ISSUED_BY_PRACTICE
PXP:108476,PXP,ISSUED_BY_PRACTICE
SMED:108478,SMED,ISSUED_BY_PRACTICE
RADL:108479,RADL,ISSUED_BY_PRACTICE
RADG:108486,RADG,ISSUED_BY_PRACTICE
RADD:108490,RADD,ISSUED_BY_PRACTICE
RADS:108498,RADS,ISSUED_BY_PRACTICE
RADL:108502,RADL,ISSUED_BY_PRACTICE
ESR:108503,ESR,ISSUED_BY_PRACTICE
TRI:108509,TRI,ISSUED_BY_PRACTICE
MRB:108510,MRB,ISSUED_BY_PRACTICE
NRAA:108512,NRAA,ISSUED_BY_PRACTICE
GRH:108514,GRH,ISSUED_BY_PRACTICE
RADB:108517,RADB,ISSUED_BY_PRACTICE
PXP:108521,PXP,ISSUED_BY_PRACTICE
CRC:108527,CRC,ISSUED_BY_PRACTICE
GSIA:108528,GSIA,ISSUED_BY_PRACTICE
CRC:108533,CRC,ISSUED_BY_PRACTICE
SMED:108540,SMED,ISSUED_BY_PRACTICE
CIRPA:108544,CIRPA,ISSUED_BY_PRACTICE
RADU:108549,RADU,ISSUED_BY_PRACTICE
RADY:108552,RADY,ISSUED_BY_PRACTICE
RADG:108559,RADG,ISSUED_BY_PRACTICE
RADU:108567,RADU,ISSUED_BY_PRACTICE
RADS2:108569,RADS2,ISSUED_BY_PRACTICE
RADA:108570,RADA,ISSUED_BY_PRACTICE
RADT:108575,RADT,ISSUED_BY_PRACTICE
RADA:108582,RADA,ISSUED_BY_PRACTICE
RADL:108590,RADL,ISSUED_BY_PRACTICE
RADG:108597,RADG,ISSUED_BY_PRACTICE
RADO:108604,RADO,ISSUED_BY_PRACTICE
RADH:108611,RADH,ISSUED_BY_PRACTICE
RADL:108619,RADL,ISSUED_BY_PRACTICE
RADI:108624,RADI,ISSUED_BY_PRACTICE
TRI:108632,TRI,ISSUED_BY_PRACTICE
NRA:108634,NRA,ISSUED_BY_PRACTICE
IAI:108638,IAI,ISSUED_BY_PRACTICE
MRB:108639,MRB,ISSUED_BY_PRACTICE
RADN:108645,RADN,ISSUED_BY_PRACTICE
RADM:108646,RADM,ISSUED_BY_PRACTICE
RADE:108652,RADE,ISSUED_BY_PRACTICE
RADT:108655,RADT,ISSUED_BY_PRACTICE
ESR:108662,ESR,ISSUED_BY_PRACTICE
RADS:108667,RADS,ISSUED_BY_PRACTICE
SAPA:108675,SAPA,ISSUED_BY_PRACTICE
NRAA:108679,NRAA,ISSUED_BY_PRACTICE
RADY:108682,RADY,ISSUED_BY_PRACTICE
RADE:108685,RADE,ISSUED_BY_PRACTICE
RADO:108688,RADO,ISSUED_BY_PRACTICE
RADO:108691,RADO,ISSUED_BY_PRACTICE
RADC:108698,RADC,ISSUED_BY_PRACTICE
RADY:108703,RADY,ISSUED_BY_PRACTICE
RASFA:108705,RASFA,ISSUED_BY_PRACTICE
ACR:108714,ACR,ISSUED_BY_PRACTICE
WRAD:108716,WRAD,ISSUED_BY_PRACTICE
PMR:108724,PMR,ISSUED_BY_PRACTICE
RADR:108733,RADR,ISSUED_BY_PRACTICE
RADU:108737,RADU,ISSUED_BY_PRACTICE
RADD:108746,RADD,ISSUED_BY_PRACTICE
RADO:108751,RADO,ISSUED_BY_PRACTICE
RADJ:108758,RADJ,ISSUED_BY_PRACTICE
WRAD:108759,WRAD,ISSUED_BY_PRACTICE
RADU:108766,RADU,ISSUED_BY_PRACTICE
RADI2:108767,RADI2,ISSUED_BY_PRACTICE
RADI2:108769,RADI2,ISSUED_BY_PRACTICE
RADB:108775,RADB,ISSUED_BY_PRACTICE
RADO:108781,RADO,ISSUED_BY_PRACTICE
RADF:108787,RADF,ISSUED_BY_PRACTICE
RADC:108789,RADC,ISSUED_BY_PRACTICE
NRAA:108793,NRAA,ISSUED_BY_PRACTICE
TRI:108799,TRI,ISSUED_BY_PRACTICE
RADM:108806,RADM,ISSUED_BY_PRACTICE
GSIA:108814,GSIA,ISSUED_BY_PRACTICE
NRAA:108816,NRAA,ISSUED_BY_PRACTICE
WRAD:108822,WRAD,ISSUED_BY_PRACTICE
RADP:108825,RADP,ISSUED_BY_PRACTICE
TRI:108828,TRI,ISSUED_BY_PRACTICE
WRAD:108836,WRAD,ISSUED_BY_PRACTICE
PMR:108842,PMR,ISSUED_BY_PRACTICE
ESR:108846,ESR,ISSUED_BY_PRACTICE
RADY:108850,RADY,ISSUED_BY_PRACTICE
RADP:108852,RADP,ISSUED_BY_PRACTICE
WRAD:108859,WRAD,ISSUED_BY_PRACTICE
RADP:108868,RADP,ISSUED_BY_PRACTICE
PXP:108870,PXP,ISSUED_BY_PRACTICE
RADS2:108873,RADS2,ISSUED_BY_PRACTICE
NRAA:108874,NRAA,ISSUED_BY_PRACTICE
ACRB:108881,ACRB,ISSUED_BY_PRACTICE
RADA:108888,RADA,ISSUED_BY_PRACTICE
RADI2:108889,RADI2,ISSUED_BY_PRACTICE
CIRPA:108892,CIRPA,ISSUED_BY_PRACTICE
GRH:108898,GRH,ISSUED_BY_PRACTICE
RADP:108901,RADP,ISSUED_BY_PRACTICE
RADQ:108905,RADQ,ISSUED_BY_PRACTICE
TRI:108909,TRI,ISSUED_BY_PRACTICE
WRAD:108918,WRAD,ISSUED_BY_PRACTICE
RADH:108922,RADH,ISSUED_BY_PRACTICE
RADZ:108925,RADZ,ISSUED_BY_PRACTICE
RADL:108929,RADL,ISSUED_BY_PRACTICE
RADA:108936,RADA,ISSUED_BY_PRACTICE
RADQ:108944,RADQ,ISSUED_BY_PRACTICE
RADJ:108950,RADJ,ISSUED_BY_PRACTICE
RADG:108954,RADG,ISSUED_BY_PRACTICE
RADJ:108957,RADJ,ISSUED_BY_PRACTICE
RADI2:108961,RADI2,ISSUED_BY_PRACTICE
ACR:108969,ACR,ISSUED_BY_PRACTICE
RADE:108978,RADE,ISSUED_BY_PRACTICE
IAI:108987,IAI,ISSUED_BY_PRACTICE
RASFA:108991,RASFA,ISSUED_BY_PRACTICE
CRC:108993,CRC,ISSUED_BY_PRACTICE
RADP:109000,RADP,ISSUED_BY_PRACTICE
ACRB:109009,ACRB,ISSUED_BY_PRACTICE
RADS:109014,RADS,ISSUED_BY_PRACTICE
RADZ:109015,RADZ,ISSUED_BY_PRACTICE
RADG:109024,RADG,ISSUED_BY_PRACTICE
RADG:109026,RADG,ISSUED_BY_PRACTICE
RADF:109027,RADF,ISSUED_BY_PRACTICE
SMED:109036,SMED,ISSUED_BY_PRACTICE
RADF:109042,RADF,ISSUED_BY_PRACTICE
RADZ:109051,RADZ,ISSUED_BY_PRACTICE
RADK:109060,RADK,ISSUED_BY_PRACTICE
WRAD:109068,WRAD,ISSUED_BY_PRACTICE
CRC:109069,CRC,ISSUED_BY_PRACTICE
PMR:109070,PMR,ISSUED_BY_PRACTICE
ACR:109077,ACR,ISSUED_BY_PRACTICE
RADC:109085,RADC,ISSUED_BY_PRACTICE
RADY:109093,RADY,ISSUED_BY_PRACTICE
ACR:109098,ACR,ISSUED_BY_PRACTICE
CRC:109099,CRC,ISSUED_BY_PRACTICE
GSIA:109108,GSIA,ISSUED_BY_PRACTICE
PMR:109112,PMR,ISSUED_BY_PRACTICE
RADN:109114,RADN,ISSUED_BY_PRACTICE
RADL:109123,RADL,ISSUED_BY_PRACTICE
GRH:109125,GRH,ISSUED_BY_PRACTICE
RADG:109126,RADG,ISSUED_BY_PRACTICE
CRC:109134,CRC,ISSUED_BY_PRACTICE
RADF:109141,RADF,ISSUED_BY_PRACTICE
RADH:109149,RADH,ISSUED_BY_PRACTICE
IAI:109152,IAI,ISSUED_BY_PRACTICE
RADF:109154,RADF,ISSUED_BY_PRACTICE
RADP:109161,RADP,ISSUED_BY_PRACTICE
RADU:109164,RADU,ISSUED_BY_PRACTICE
RADN:109169,RADN,ISSUED_BY_PRACTICE
RADK:109171,RADK,ISSUED_BY_PRACTICE
RADE:109172,RADE,ISSUED_BY_PRACTICE
RADR:109177,RADR,ISSUED_BY_PRACTICE
RASFA:109185,RASFA,ISSUED_BY_PRACTICE
RADQ:109190,RADQ,ISSUED_BY_PRACTICE
ACR:109194,ACR,ISSUED_BY_PRACTICE
NRAA:109196,NRAA,ISSUED_BY_PRACTICE
SAPA:109202,SAPA,ISSUED_BY_PRACTICE
NRA:109207,NRA,ISSUED_BY_PRACTICE
RADG:109216,RADG,ISSUED_BY_PRACTICE
RADC:109220,RADC,ISSUED_BY_PRACTICE
ACR:109228,ACR,ISSUED_BY_PRACTICE
RADF:109233,RADF,ISSUED_BY_PRACTICE
RADS:109234,RADS,ISSUED_BY_PRACTICE
RADR:109239,RADR,ISSUED_BY_PRACTICE
RASFA:109247,RASFA,ISSUED_BY_PRACTICE
PXP:109250,PXP,ISSUED_BY_PRACTICE
NRAA:109257,NRAA,ISSUED_BY_PRACTICE
TRI:109258,TRI,ISSUED_BY_PRACTICE
CIRPA:109265,CIRPA,ISSUED_BY_PRACTICE
RADN:109269,RADN,ISSUED_BY_PRACTICE
RADR:109270,RADR,ISSUED_BY_PRACTICE
PXP:109276,PXP,ISSUED_BY_PRACTICE
RADP:109278,RADP,ISSUED_BY_PRACTICE
NRA:109283,NRA,ISSUED_BY_PRACTICE
RADJ:109288,RADJ,ISSUED_BY_PRACTICE
RADA:109289,RADA,ISSUED_BY_PRACTICE
ESR:109292,ESR,ISSUED_BY_PRACTICE
RADX:109300,RADX,ISSUED_BY_PRACTICE
NRA:109306,NRA,ISSUED_BY_PRACTICE
RADZ:109315,RADZ,ISSUED_BY_PRACTICE
RADC:109322,RADC,ISSUED_BY_PRACTICE
CIRPA:109326,CIRPA,ISSUED_BY_PRACTICE
RADR:109334,RADR,ISSUED_BY_PRACTICE
SMED:109335,SMED,ISSUED_BY_PRACTICE
ACRB:109340,ACRB,ISSUED_BY_PRACTICE
NRAA:109342,NRAA,ISSUED_BY_PRACTICE
RADM:109348,RADM,ISSUED_BY_PRACTICE
RADT:109351,RADT,ISSUED_BY_PRACTICE
NRAA:109355,NRAA,ISSUED_BY_PRACTICE
NRA:109362,NRA,ISSUED_BY_PRACTICE
IAI:109365,IAI,ISSUED_BY_PRACTICE
RADJ:109366,RADJ,ISSUED_BY_PRACTICE
PMR:109372,PMR,ISSUED_BY_PRACTICE
RADY:109373,RADY,ISSUED_BY_PRACTICE
RADS2:109376,RADS2,ISSUED_BY_PRACTICE
RADS2:109377,RADS2,ISSUED_BY_PRACTICE
RADA:109384,RADA,ISSUED_BY_PRACTICE
GRH:109389,GRH,ISSUED_BY_PRACTICE
IAI:109393,IAI,ISSUED_BY_PRACTICE
PXP:109397,PXP,ISSUED_BY_PRACTICE
RADJ:109406,RADJ,ISSUED_BY_PRACTICE
RADX:109413,RADX,ISSUED_BY_PRACTICE
IAI:109416,IAI,ISSUED_BY_PRACTICE
RADP:109424,RADP,ISSUED_BY_PRACTICE
WRAD:109430,WRAD,ISSUED_BY_PRACTICE
RADD:109439,RADD,ISSUED_BY_PRACTICE
RADI2:109441,RADI2,ISSUED_BY_PRACTICE
RADG:109445,RADG,ISSUED_BY_PRACTICE
WRAD:109447,WRAD,ISSUED_BY_PRACTICE
RADY:109449,RADY,ISSUED_BY_PRACTICE
TRI:109456,TRI,ISSUED_BY_PRACTICE
MRB:109462,MRB,ISSUED_BY_PRACTICE
GRH:109471,GRH,ISSUED_BY_PRACTICE
RADJ:109476,RADJ,ISSUED_BY_PRACTICE
RADX:109483,RADX,ISSUED_BY_PRACTICE
ACR:109485,ACR,ISSUED_BY_PRACTICE
RADI2:109488,RADI2,ISSUED_BY_PRACTICE
RADB:109492,RADB,ISSUED_BY_PRACTICE
RADJ:109495,RADJ,ISSUED_BY_PRACTICE
RADT:109500,RADT,ISSUED_BY_PRACTICE
PMR:109504,PMR,ISSUED_BY_PRACTICE
RADE:109513,RADE,ISSUED_BY_PRACTICE
GRH:109516,GRH,ISSUED_BY_PRACTICE
SMED:109523,SMED,ISSUED_BY_PRACTICE
MRB:109524,MRB,ISSUED_BY_PRACTICE
RADU:109533,RADU,ISSUED_BY_PRACTICE
RADI2:109541,RADI2,ISSUED_BY_PRACTICE
TRI:109549,TRI,ISSUED_BY_PRACTICE
SMED:109556,SMED,ISSUED_BY_PRACTICE
RADU:109565,RADU,ISSUED_BY_PRACTICE
NRA:109573,NRA,ISSUED_BY_PRACTICE
RADL:109579,RADL,ISSUED_BY_PRACTICE
RADK:109588,RADK,ISSUED_BY_PRACTICE
PXP:109592,PXP,ISSUED_BY_PRACTICE
RADF:109600,RADF,ISSUED_BY_PRACTICE
RADY:109609,RADY,ISSUED_BY_PRACTICE
RADT:109612,RADT,ISSUED_BY_PRACTICE
RADX:109617,RADX,ISSUED_BY_PRACTICE
GSIA:109623,GSIA,ISSUED_BY_PRACTICE
PXP:109624,PXP,ISSUED_BY_PRACTICE
TRI:109632,TRI,ISSUED_BY_PRACTICE
RADA:109636,RADA,ISSUED_BY_PRACTICE
RADD:109640,RADD,ISSUED_BY_PRACTICE
MRB:109644,MRB,ISSUED_BY_PRACTICE
WRAD:109652,WRAD,ISSUED_BY_PRACTICE
RADX:109654,RADX,ISSUED_BY_PRACTICE
RASFA:109663,RASFA,ISSUED_BY_PRACTICE
RADK:109670,RADK,ISSUED_BY_PRACTICE
RADH:109676,RADH,ISSUED_BY_PRACTICE
RADO:109683,RADO,ISSUED_BY_PRACTICE
RADU:109686,RADU,ISSUED_BY_PRACTICE
RADU:109689,RADU,ISSUED_BY_PRACTICE
CIRPA:109691,CIRPA,ISSUED_BY_PRACTICE
RADP:109697,RADP,ISSUED_BY_PRACTICE
CIRPA:109701,CIRPA,ISSUED_BY_PRACTICE
RADP:109702,RADP,ISSUED_BY_PRACTICE
IAI:109703,IAI,ISSUED_BY_PRACTICE
MRB:109710,MRB,ISSUED_BY_PRACTICE
RADZ:109716,RADZ,ISSUED_BY_PRACTICE
SMED:109724,SMED,ISSUED_BY_PRACTICE
RADI:109730,RADI,ISSUED_BY_PRACTICE
RADO:109735,RADO,ISSUED_BY_PRACTICE
RADR:109739,RADR,ISSUED_BY_PRACTICE
RADB:109746,RADB,ISSUED_BY_PRACTICE
RADL:109752,RADL,ISSUED_BY_PRACTICE
RADQ:109756,RADQ,ISSUED_BY_PRACTICE
CRC:109763,CRC,ISSUED_BY_PRACTICE
ACR:109765,ACR,ISSUED_BY_PRACTICE
RADT:109772,RADT,ISSUED_BY_PRACTICE
RADZ:109777,RADZ,ISSUED_BY_PRACTICE
RADP:109778,RADP,ISSUED_BY_PRACTICE
ACRB:109782,ACRB,ISSUED_BY_PRACTICE
SMED:109788,SMED,ISSUED_BY_PRACTICE
RADI:109792,RADI,ISSUED_BY_PRACTICE
RADF:109798,RADF,ISSUED_BY_PRACTICE
SAPA:109806,SAPA,ISSUED_BY_PRACTICE
RADI2:109808,RADI2,ISSUED_BY_PRACTICE
WRAD:109809,WRAD,ISSUED_BY_PRACTICE
RADJ:109816,RADJ,ISSUED_BY_PRACTICE
RADZ:109820,RADZ,ISSUED_BY_PRACTICE
GRH:109827,GRH,ISSUED_BY_PRACTICE
RADU:109835,RADU,ISSUED_BY_PRACTICE
RADL:109841,RADL,ISSUED_BY_PRACTICE
RADS:109843,RADS,ISSUED_BY_PRACTICE
PMR:109848,PMR,ISSUED_BY_PRACTICE
RADH:109852,RADH,ISSUED_BY_PRACTICE
PMR:109859,PMR,ISSUED_BY_PRACTICE
ESR:109868,ESR,ISSUED_BY_PRACTICE
RADA:109877,RADA,ISSUED_BY_PRACTICE
RADU:109883,RADU,ISSUED_BY_PRACTICE
CRC:109887,CRC,ISSUED_BY_PRACTICE
RADI:109891,RADI,ISSUED_BY_PRACTICE
PMR:109900,PMR,ISSUED_BY_PRACTICE
RADQ:109908,RADQ,ISSUED_BY_PRACTICE
RADU:109911,RADU,ISSUED_BY_PRACTICE
RADO:109915,RADO,ISSUED_BY_PRACTICE
GSIA:109917,GSIA,ISSUED_BY_PRACTICE
RADB:109921,RADB,ISSUED_BY_PRACTICE
RADT:109929,RADT,ISSUED_BY_PRACTICE
RADG:109935,RADG,ISSUED_BY_PRACTICE
RADL:109940,RADL,ISSUED_BY_PRACTICE
RADY:109947,RADY,ISSUED_BY_PRACTICE
RADQ:109954,RADQ,ISSUED_BY_PRACTICE
PXP:109961,PXP,ISSUED_BY_PRACTICE
RADY:109970,RADY,ISSUED_BY_PRACTICE
WRAD:109978,WRAD,ISSUED_BY_PRACTICE
RADS:109983,RADS,ISSUED_BY_PRACTICE
PMR:109988,PMR,ISSUED_BY_PRACTICE
ACR:109990,ACR,ISSUED_BY_PRACTICE
NRAA:109995,NRAA,ISSUED_BY_PRACTICE
SMED:110002,SMED,ISSUED_BY_PRACTICE
