:START_ID(BirdeyeReview),:END_ID(Location),:TYPE
"RADG Radiology Location 1::Thu, Jul 24, 2025 12:00 AM",RADG:1,REVIEWS
"IAI Radiology Location 4::Wed, Oct 22, 2025 12:00 AM",IAI:4,REVIEWS
"RADH Radiology Location 4::Sun, Jan 18, 2026 12:00 AM",RADH:4,REVIEWS
"RADG Radiology Location 1::Thu, Nov 13, 2025 12:00 AM",RADG:1,REVIEWS
"RADH Radiology Location 4::Mon, Feb 16, 2026 12:00 AM",RADH:4,REVIEWS
"IAI Radiology Location 4::Sat, Dec 13, 2025 12:00 AM",IAI:4,REVIEWS
"RADH Radiology Location 4::Wed, Sep 17, 2025 12:00 AM",RADH:4,REVIEWS
"IAI Radiology Location 4::Fri, Jan 16, 2026 12:00 AM",IAI:4,REVIEWS
"RADH Radiology Location 4::Sun, Jan 04, 2026 12:00 AM",RADH:4,REVIEWS
"IAI Radiology Location 4::Sat, May 10, 2025 12:00 AM",IAI:4,REVIEWS
"IAI Radiology Location 4::Thu, Jun 05, 2025 12:00 AM",IAI:4,REVIEWS
"RADG Radiology Location 1::Sun, Sep 21, 2025 12:00 AM",RADG:1,REVIEWS
"RADG Radiology Location 1::Fri, Aug 22, 2025 12:00 AM",RADG:1,REVIEWS
"RADG Radiology Location 1::Fri, Nov 14, 2025 12:00 AM",RADG:1,REVIEWS
"RADH Radiology Location 4::Sun, Nov 23, 2025 12:00 AM",RADH:4,REVIEWS
"IAI Radiology Location 4::Sat, May 31, 2025 12:00 AM",IAI:4,REVIEWS
"RADG Radiology Location 1::Mon, Apr 20, 2026 12:00 AM",RADG:1,REVIEWS
"RADH Radiology Location 4::Wed, Dec 10, 2025 12:00 AM",RADH:4,REVIEWS
"IAI Radiology Location 4::Sun, Nov 02, 2025 12:00 AM",IAI:4,REVIEWS
"IAI Radiology Location 4::Tue, Jun 17, 2025 12:00 AM",IAI:4,REVIEWS
"RADH Radiology Location 4::Thu, Sep 25, 2025 12:00 AM",RADH:4,REVIEWS
"RADH Radiology Location 4::Mon, Mar 02, 2026 12:00 AM",RADH:4,REVIEWS
"IAI Radiology Location 4::Fri, Apr 24, 2026 12:00 AM",IAI:4,REVIEWS
"RADG Radiology Location 1::Mon, Nov 17, 2025 12:00 AM",RADG:1,REVIEWS
"IAI Radiology Location 4::Sun, Feb 01, 2026 12:00 AM",IAI:4,REVIEWS
"RADG Radiology Location 1::Sun, Aug 03, 2025 12:00 AM",RADG:1,REVIEWS
"RADG Radiology Location 1::Mon, Aug 25, 2025 12:00 AM",RADG:1,REVIEWS
"RADG Radiology Location 1::Mon, Dec 29, 2025 12:00 AM",RADG:1,REVIEWS
"RADH Radiology Location 4::Wed, Jul 23, 2025 12:00 AM",RADH:4,REVIEWS
"IAI Radiology Location 4::Sat, Feb 07, 2026 12:00 AM",IAI:4,REVIEWS
"RADG Radiology Location 1::Thu, Oct 16, 2025 12:00 AM",RADG:1,REVIEWS
"RADG Radiology Location 1::Fri, Mar 06, 2026 12:00 AM",RADG:1,REVIEWS
"IAI Radiology Location 4::Thu, May 22, 2025 12:00 AM",IAI:4,REVIEWS
"IAI Radiology Location 4::Wed, Mar 11, 2026 12:00 AM",IAI:4,REVIEWS
"IAI Radiology Location 4::Thu, Aug 07, 2025 12:00 AM",IAI:4,REVIEWS
"RADH Radiology Location 4::Thu, Nov 20, 2025 12:00 AM",RADH:4,REVIEWS
"IAI Radiology Location 4::Fri, Feb 06, 2026 12:00 AM",IAI:4,REVIEWS
"RADG Radiology Location 1::Thu, Jul 03, 2025 12:00 AM",RADG:1,REVIEWS
"RADH Radiology Location 4::Thu, Mar 26, 2026 12:00 AM",RADH:4,REVIEWS
"IAI Radiology Location 4::Wed, Jun 11, 2025 12:00 AM",IAI:4,REVIEWS
"RADH Radiology Location 4::Mon, Jun 23, 2025 12:00 AM",RADH:4,REVIEWS
"IAI Radiology Location 4::Sun, Sep 28, 2025 12:00 AM",IAI:4,REVIEWS
"RADG Radiology Location 1::Mon, Aug 04, 2025 12:00 AM",RADG:1,REVIEWS
"IAI Radiology Location 4::Sat, Oct 11, 2025 12:00 AM",IAI:4,REVIEWS
"RADG Radiology Location 1::Wed, Sep 24, 2025 12:00 AM",RADG:1,REVIEWS
"RADG Radiology Location 1::Fri, Jun 20, 2025 12:00 AM",RADG:1,REVIEWS
"RADG Radiology Location 1::Thu, Dec 25, 2025 12:00 AM",RADG:1,REVIEWS
"IAI Radiology Location 4::Sat, Mar 07, 2026 12:00 AM",IAI:4,REVIEWS
"IAI Radiology Location 4::Fri, Nov 28, 2025 12:00 AM",IAI:4,REVIEWS
"RADH Radiology Location 4::Sat, Sep 20, 2025 12:00 AM",RADH:4,REVIEWS
"RADG Radiology Location 1::Thu, Sep 11, 2025 12:00 AM",RADG:1,REVIEWS
"RADG Radiology Location 1::Fri, Aug 08, 2025 12:00 AM",RADG:1,REVIEWS
"RADG Radiology Location 1::Wed, Dec 24, 2025 12:00 AM",RADG:1,REVIEWS
"IAI Radiology Location 4::Mon, Dec 15, 2025 12:00 AM",IAI:4,REVIEWS
"RADG Radiology Location 1::Wed, Jan 21, 2026 12:00 AM",RADG:1,REVIEWS
"IAI Radiology Location 4::Fri, Oct 03, 2025 12:00 AM",IAI:4,REVIEWS
"RADG Radiology Location 1::Tue, Feb 03, 2026 12:00 AM",RADG:1,REVIEWS
"RADH Radiology Location 4::Fri, Apr 24, 2026 12:00 AM",RADH:4,REVIEWS
"RADH Radiology Location 4::Mon, Nov 03, 2025 12:00 AM",RADH:4,REVIEWS
"RADH Radiology Location 4::Wed, Apr 01, 2026 12:00 AM",RADH:4,REVIEWS
"RADH Radiology Location 4::Mon, Mar 23, 2026 12:00 AM",RADH:4,REVIEWS
"RADH Radiology Location 4::Sun, Aug 10, 2025 12:00 AM",RADH:4,REVIEWS
"RADG Radiology Location 1::Thu, Feb 12, 2026 12:00 AM",RADG:1,REVIEWS
"RADH Radiology Location 4::Tue, Oct 14, 2025 12:00 AM",RADH:4,REVIEWS
"RADG Radiology Location 1::Sat, Jan 17, 2026 12:00 AM",RADG:1,REVIEWS
"RADG Radiology Location 1::Thu, Feb 19, 2026 12:00 AM",RADG:1,REVIEWS
"RADH Radiology Location 4::Sat, Nov 22, 2025 12:00 AM",RADH:4,REVIEWS
"IAI Radiology Location 4::Wed, Feb 18, 2026 12:00 AM",IAI:4,REVIEWS
"RADG Radiology Location 1::Fri, Jun 13, 2025 12:00 AM",RADG:1,REVIEWS
"RADH Radiology Location 4::Sat, Nov 29, 2025 12:00 AM",RADH:4,REVIEWS
"IAI Radiology Location 4::Wed, Jul 16, 2025 12:00 AM",IAI:4,REVIEWS
"RADH Radiology Location 4::Sat, Apr 04, 2026 12:00 AM",RADH:4,REVIEWS
"RADH Radiology Location 4::Fri, Feb 13, 2026 12:00 AM",RADH:4,REVIEWS
"IAI Radiology Location 4::Mon, Apr 27, 2026 12:00 AM",IAI:4,REVIEWS
"RADG Radiology Location 1::Sun, Dec 21, 2025 12:00 AM",RADG:1,REVIEWS
"IAI Radiology Location 4::Tue, Mar 24, 2026 12:00 AM",IAI:4,REVIEWS
"RADG Radiology Location 1::Thu, May 29, 2025 12:00 AM",RADG:1,REVIEWS
"IAI Radiology Location 4::Thu, May 29, 2025 12:00 AM",IAI:4,REVIEWS
"RADH Radiology Location 4::Tue, Feb 17, 2026 12:00 AM",RADH:4,REVIEWS
"RADH Radiology Location 4::Sun, May 18, 2025 12:00 AM",RADH:4,REVIEWS
"IAI Radiology Location 4::Thu, Jun 19, 2025 12:00 AM",IAI:4,REVIEWS
"RADH Radiology Location 4::Sat, Aug 30, 2025 12:00 AM",RADH:4,REVIEWS
"RADH Radiology Location 4::Thu, Sep 04, 2025 12:00 AM",RADH:4,REVIEWS
"RADG Radiology Location 1::Wed, Sep 17, 2025 12:00 AM",RADG:1,REVIEWS
"IAI Radiology Location 4::Fri, Jul 18, 2025 12:00 AM",IAI:4,REVIEWS
"IAI Radiology Location 4::Sat, Nov 15, 2025 12:00 AM",IAI:4,REVIEWS
"RADG Radiology Location 1::Mon, Mar 23, 2026 12:00 AM",RADG:1,REVIEWS
"IAI Radiology Location 4::Fri, Aug 08, 2025 12:00 AM",IAI:4,REVIEWS
"IAI Radiology Location 4::Tue, Oct 28, 2025 12:00 AM",IAI:4,REVIEWS
"IAI Radiology Location 4::Tue, Apr 28, 2026 12:00 AM",IAI:4,REVIEWS
"RADG Radiology Location 1::Fri, Jun 06, 2025 12:00 AM",RADG:1,REVIEWS
"RADG Radiology Location 1::Sat, Apr 25, 2026 12:00 AM",RADG:1,REVIEWS
"IAI Radiology Location 4::Sun, May 04, 2025 12:00 AM",IAI:4,REVIEWS
"RADG Radiology Location 1::Thu, Mar 19, 2026 12:00 AM",RADG:1,REVIEWS
"IAI Radiology Location 4::Tue, Mar 10, 2026 12:00 AM",IAI:4,REVIEWS
"IAI Radiology Location 4::Wed, Jun 18, 2025 12:00 AM",IAI:4,REVIEWS
"RADH Radiology Location 4::Tue, Dec 30, 2025 12:00 AM",RADH:4,REVIEWS
"IAI Radiology Location 4::Sat, Aug 23, 2025 12:00 AM",IAI:4,REVIEWS
"RADG Radiology Location 1::Mon, Sep 22, 2025 12:00 AM",RADG:1,REVIEWS
"IAI Radiology Location 4::Mon, Sep 15, 2025 12:00 AM",IAI:4,REVIEWS
"IAI Radiology Location 4::Wed, Nov 19, 2025 12:00 AM",IAI:4,REVIEWS
"RADG Radiology Location 1::Tue, Nov 11, 2025 12:00 AM",RADG:1,REVIEWS
"RADG Radiology Location 1::Mon, Dec 08, 2025 12:00 AM",RADG:1,REVIEWS
"IAI Radiology Location 4::Thu, Dec 25, 2025 12:00 AM",IAI:4,REVIEWS
"RADH Radiology Location 4::Wed, Jul 16, 2025 12:00 AM",RADH:4,REVIEWS
"RADH Radiology Location 4::Fri, May 01, 2026 12:00 AM",RADH:4,REVIEWS
"RADG Radiology Location 1::Sun, Jun 15, 2025 12:00 AM",RADG:1,REVIEWS
"RADH Radiology Location 4::Sat, Oct 18, 2025 12:00 AM",RADH:4,REVIEWS
"IAI Radiology Location 4::Fri, Jan 02, 2026 12:00 AM",IAI:4,REVIEWS
"IAI Radiology Location 4::Fri, May 01, 2026 12:00 AM",IAI:4,REVIEWS
"RADH Radiology Location 4::Mon, Jul 28, 2025 12:00 AM",RADH:4,REVIEWS
"RADH Radiology Location 4::Thu, Nov 06, 2025 12:00 AM",RADH:4,REVIEWS
"RADG Radiology Location 1::Tue, Jan 13, 2026 12:00 AM",RADG:1,REVIEWS
"RADG Radiology Location 1::Thu, Jan 08, 2026 12:00 AM",RADG:1,REVIEWS
"RADH Radiology Location 4::Mon, Dec 15, 2025 12:00 AM",RADH:4,REVIEWS
"IAI Radiology Location 4::Sat, May 17, 2025 12:00 AM",IAI:4,REVIEWS
"RADG Radiology Location 1::Wed, Jun 18, 2025 12:00 AM",RADG:1,REVIEWS
"RADH Radiology Location 4::Fri, Nov 28, 2025 12:00 AM",RADH:4,REVIEWS
"IAI Radiology Location 4::Fri, Nov 21, 2025 12:00 AM",IAI:4,REVIEWS
"RADH Radiology Location 4::Thu, May 22, 2025 12:00 AM",RADH:4,REVIEWS
"RADG Radiology Location 1::Tue, May 20, 2025 12:00 AM",RADG:1,REVIEWS
"RADH Radiology Location 4::Sun, Jan 25, 2026 12:00 AM",RADH:4,REVIEWS
"RADG Radiology Location 1::Sat, Dec 20, 2025 12:00 AM",RADG:1,REVIEWS
"IAI Radiology Location 4::Sat, Jul 26, 2025 12:00 AM",IAI:4,REVIEWS
"RADG Radiology Location 1::Thu, Aug 28, 2025 12:00 AM",RADG:1,REVIEWS
"RADG Radiology Location 1::Fri, Apr 03, 2026 12:00 AM",RADG:1,REVIEWS
"RADH Radiology Location 4::Mon, Mar 09, 2026 12:00 AM",RADH:4,REVIEWS
"IAI Radiology Location 4::Fri, Jun 13, 2025 12:00 AM",IAI:4,REVIEWS
"RADH Radiology Location 4::Mon, Jan 05, 2026 12:00 AM",RADH:4,REVIEWS
"RADG Radiology Location 1::Sat, Sep 27, 2025 12:00 AM",RADG:1,REVIEWS
"IAI Radiology Location 4::Fri, Feb 13, 2026 12:00 AM",IAI:4,REVIEWS
"RADH Radiology Location 4::Sat, Mar 21, 2026 12:00 AM",RADH:4,REVIEWS
"RADH Radiology Location 4::Mon, Nov 10, 2025 12:00 AM",RADH:4,REVIEWS
"IAI Radiology Location 4::Sun, Jun 08, 2025 12:00 AM",IAI:4,REVIEWS
"RADH Radiology Location 4::Mon, Aug 18, 2025 12:00 AM",RADH:4,REVIEWS
"RADG Radiology Location 1::Wed, Oct 08, 2025 12:00 AM",RADG:1,REVIEWS
"RADH Radiology Location 4::Tue, Aug 05, 2025 12:00 AM",RADH:4,REVIEWS
"RADH Radiology Location 4::Thu, Feb 26, 2026 12:00 AM",RADH:4,REVIEWS
"RADH Radiology Location 4::Wed, Oct 08, 2025 12:00 AM",RADH:4,REVIEWS
"RADH Radiology Location 4::Sat, Apr 18, 2026 12:00 AM",RADH:4,REVIEWS
"RADG Radiology Location 1::Thu, Mar 26, 2026 12:00 AM",RADG:1,REVIEWS
"RADH Radiology Location 4::Mon, Jun 02, 2025 12:00 AM",RADH:4,REVIEWS
"RADG Radiology Location 1::Fri, Feb 06, 2026 12:00 AM",RADG:1,REVIEWS
"RADG Radiology Location 1::Wed, Aug 20, 2025 12:00 AM",RADG:1,REVIEWS
"RADG Radiology Location 1::Wed, Nov 26, 2025 12:00 AM",RADG:1,REVIEWS
"RADG Radiology Location 1::Fri, Jun 27, 2025 12:00 AM",RADG:1,REVIEWS
"IAI Radiology Location 4::Tue, Oct 21, 2025 12:00 AM",IAI:4,REVIEWS
"IAI Radiology Location 4::Tue, Jul 08, 2025 12:00 AM",IAI:4,REVIEWS
"RADG Radiology Location 1::Mon, Oct 13, 2025 12:00 AM",RADG:1,REVIEWS
"RADG Radiology Location 1::Mon, Nov 24, 2025 12:00 AM",RADG:1,REVIEWS
"IAI Radiology Location 4::Fri, Aug 15, 2025 12:00 AM",IAI:4,REVIEWS
"RADG Radiology Location 1::Tue, Jun 17, 2025 12:00 AM",RADG:1,REVIEWS
"RADG Radiology Location 1::Thu, Apr 30, 2026 12:00 AM",RADG:1,REVIEWS
"IAI Radiology Location 4::Tue, Sep 23, 2025 12:00 AM",IAI:4,REVIEWS
"RADG Radiology Location 1::Tue, Sep 23, 2025 12:00 AM",RADG:1,REVIEWS
"RADG Radiology Location 1::Thu, Apr 16, 2026 12:00 AM",RADG:1,REVIEWS
"IAI Radiology Location 4::Tue, Oct 07, 2025 12:00 AM",IAI:4,REVIEWS
"IAI Radiology Location 4::Wed, Oct 15, 2025 12:00 AM",IAI:4,REVIEWS
"RADH Radiology Location 4::Thu, Aug 28, 2025 12:00 AM",RADH:4,REVIEWS
"IAI Radiology Location 4::Mon, Jun 09, 2025 12:00 AM",IAI:4,REVIEWS
"RADH Radiology Location 4::Tue, May 06, 2025 12:00 AM",RADH:4,REVIEWS
"IAI Radiology Location 4::Wed, Dec 17, 2025 12:00 AM",IAI:4,REVIEWS
"RADG Radiology Location 1::Tue, Aug 26, 2025 12:00 AM",RADG:1,REVIEWS
"RADH Radiology Location 4::Fri, Aug 15, 2025 12:00 AM",RADH:4,REVIEWS
"RADG Radiology Location 1::Mon, May 26, 2025 12:00 AM",RADG:1,REVIEWS
"RADH Radiology Location 4::Wed, Oct 29, 2025 12:00 AM",RADH:4,REVIEWS
"RADG Radiology Location 1::Wed, Jul 30, 2025 12:00 AM",RADG:1,REVIEWS
"IAI Radiology Location 4::Fri, Oct 24, 2025 12:00 AM",IAI:4,REVIEWS
"RADH Radiology Location 4::Tue, Sep 02, 2025 12:00 AM",RADH:4,REVIEWS
"RADG Radiology Location 1::Thu, Sep 18, 2025 12:00 AM",RADG:1,REVIEWS
"RADG Radiology Location 1::Sat, May 03, 2025 12:00 AM",RADG:1,REVIEWS
"IAI Radiology Location 4::Sun, Jan 11, 2026 12:00 AM",IAI:4,REVIEWS
"IAI Radiology Location 4::Thu, Jun 26, 2025 12:00 AM",IAI:4,REVIEWS
"RADH Radiology Location 4::Tue, Mar 24, 2026 12:00 AM",RADH:4,REVIEWS
"IAI Radiology Location 4::Fri, Feb 27, 2026 12:00 AM",IAI:4,REVIEWS
"RADH Radiology Location 4::Thu, Oct 30, 2025 12:00 AM",RADH:4,REVIEWS
"RADH Radiology Location 4::Wed, Nov 12, 2025 12:00 AM",RADH:4,REVIEWS
"IAI Radiology Location 4::Mon, Nov 03, 2025 12:00 AM",IAI:4,REVIEWS
"IAI Radiology Location 4::Sat, Jan 24, 2026 12:00 AM",IAI:4,REVIEWS
"RADG Radiology Location 1::Thu, Jan 29, 2026 12:00 AM",RADG:1,REVIEWS
"IAI Radiology Location 4::Sat, Jul 12, 2025 12:00 AM",IAI:4,REVIEWS
"IAI Radiology Location 4::Sun, Apr 12, 2026 12:00 AM",IAI:4,REVIEWS
"RADH Radiology Location 4::Tue, Mar 03, 2026 12:00 AM",RADH:4,REVIEWS
"IAI Radiology Location 4::Sat, Jan 17, 2026 12:00 AM",IAI:4,REVIEWS
"RADH Radiology Location 4::Fri, Nov 07, 2025 12:00 AM",RADH:4,REVIEWS
"RADH Radiology Location 4::Fri, May 23, 2025 12:00 AM",RADH:4,REVIEWS
"RADG Radiology Location 1::Thu, Mar 05, 2026 12:00 AM",RADG:1,REVIEWS
"RADG Radiology Location 1::Tue, Jul 08, 2025 12:00 AM",RADG:1,REVIEWS
"RADG Radiology Location 1::Sat, Jun 28, 2025 12:00 AM",RADG:1,REVIEWS
"RADG Radiology Location 1::Sun, Mar 29, 2026 12:00 AM",RADG:1,REVIEWS
"RADG Radiology Location 1::Tue, Dec 09, 2025 12:00 AM",RADG:1,REVIEWS
"RADG Radiology Location 1::Wed, Aug 27, 2025 12:00 AM",RADG:1,REVIEWS
"IAI Radiology Location 4::Wed, Jul 02, 2025 12:00 AM",IAI:4,REVIEWS
"RADH Radiology Location 4::Mon, Jan 26, 2026 12:00 AM",RADH:4,REVIEWS
"RADH Radiology Location 4::Tue, Mar 10, 2026 12:00 AM",RADH:4,REVIEWS
"IAI Radiology Location 4::Sat, Oct 04, 2025 12:00 AM",IAI:4,REVIEWS
"IAI Radiology Location 4::Sun, Jul 20, 2025 12:00 AM",IAI:4,REVIEWS
"RADH Radiology Location 4::Fri, Feb 20, 2026 12:00 AM",RADH:4,REVIEWS
"RADH Radiology Location 4::Wed, Jun 04, 2025 12:00 AM",RADH:4,REVIEWS
"RADG Radiology Location 1::Fri, Sep 12, 2025 12:00 AM",RADG:1,REVIEWS
"RADH Radiology Location 4::Thu, Oct 02, 2025 12:00 AM",RADH:4,REVIEWS
"RADH Radiology Location 4::Thu, Sep 11, 2025 12:00 AM",RADH:4,REVIEWS
"IAI Radiology Location 4::Tue, Feb 10, 2026 12:00 AM",IAI:4,REVIEWS
"RADH Radiology Location 4::Sat, Jan 24, 2026 12:00 AM",RADH:4,REVIEWS
"RADH Radiology Location 4::Wed, Feb 11, 2026 12:00 AM",RADH:4,REVIEWS
"RADH Radiology Location 4::Wed, Jan 14, 2026 12:00 AM",RADH:4,REVIEWS
"RADH Radiology Location 4::Fri, Aug 01, 2025 12:00 AM",RADH:4,REVIEWS
"IAI Radiology Location 4::Fri, Nov 07, 2025 12:00 AM",IAI:4,REVIEWS
"IAI Radiology Location 4::Fri, Oct 31, 2025 12:00 AM",IAI:4,REVIEWS
"RADG Radiology Location 1::Mon, Jul 28, 2025 12:00 AM",RADG:1,REVIEWS
"RADH Radiology Location 4::Thu, Apr 30, 2026 12:00 AM",RADH:4,REVIEWS
"RADG Radiology Location 1::Tue, Jan 20, 2026 12:00 AM",RADG:1,REVIEWS
"IAI Radiology Location 4::Tue, Mar 17, 2026 12:00 AM",IAI:4,REVIEWS
"RADH Radiology Location 4::Sat, Aug 16, 2025 12:00 AM",RADH:4,REVIEWS
"IAI Radiology Location 4::Sun, Sep 14, 2025 12:00 AM",IAI:4,REVIEWS
"RADH Radiology Location 4::Mon, Jul 07, 2025 12:00 AM",RADH:4,REVIEWS
"RADG Radiology Location 1::Mon, Sep 08, 2025 12:00 AM",RADG:1,REVIEWS
"RADH Radiology Location 4::Fri, Dec 12, 2025 12:00 AM",RADH:4,REVIEWS
"RADG Radiology Location 1::Wed, Jan 14, 2026 12:00 AM",RADG:1,REVIEWS
"IAI Radiology Location 4::Thu, Jun 12, 2025 12:00 AM",IAI:4,REVIEWS
"RADG Radiology Location 1::Tue, May 27, 2025 12:00 AM",RADG:1,REVIEWS
"RADH Radiology Location 4::Thu, Mar 12, 2026 12:00 AM",RADH:4,REVIEWS
"RADG Radiology Location 1::Wed, Dec 17, 2025 12:00 AM",RADG:1,REVIEWS
"IAI Radiology Location 4::Fri, May 23, 2025 12:00 AM",IAI:4,REVIEWS
"RADH Radiology Location 4::Thu, Apr 23, 2026 12:00 AM",RADH:4,REVIEWS
"RADG Radiology Location 1::Sun, May 25, 2025 12:00 AM",RADG:1,REVIEWS
"RADH Radiology Location 4::Sun, Apr 26, 2026 12:00 AM",RADH:4,REVIEWS
"RADH Radiology Location 4::Sat, May 17, 2025 12:00 AM",RADH:4,REVIEWS
"IAI Radiology Location 4::Wed, May 28, 2025 12:00 AM",IAI:4,REVIEWS
"IAI Radiology Location 4::Thu, Apr 16, 2026 12:00 AM",IAI:4,REVIEWS
"RADH Radiology Location 4::Sun, Feb 01, 2026 12:00 AM",RADH:4,REVIEWS
"IAI Radiology Location 4::Thu, Feb 05, 2026 12:00 AM",IAI:4,REVIEWS
"IAI Radiology Location 4::Sun, Aug 10, 2025 12:00 AM",IAI:4,REVIEWS
"RADG Radiology Location 1::Wed, Nov 12, 2025 12:00 AM",RADG:1,REVIEWS
"RADG Radiology Location 1::Sat, Sep 13, 2025 12:00 AM",RADG:1,REVIEWS
"RADG Radiology Location 1::Thu, Aug 14, 2025 12:00 AM",RADG:1,REVIEWS
"RADH Radiology Location 4::Thu, Oct 23, 2025 12:00 AM",RADH:4,REVIEWS
"RADH Radiology Location 4::Tue, Feb 10, 2026 12:00 AM",RADH:4,REVIEWS
"RADG Radiology Location 1::Thu, Jul 10, 2025 12:00 AM",RADG:1,REVIEWS
"IAI Radiology Location 4::Mon, Jul 07, 2025 12:00 AM",IAI:4,REVIEWS
"RADG Radiology Location 1::Tue, Sep 16, 2025 12:00 AM",RADG:1,REVIEWS
"RADH Radiology Location 4::Tue, Jan 27, 2026 12:00 AM",RADH:4,REVIEWS
"IAI Radiology Location 4::Tue, May 27, 2025 12:00 AM",IAI:4,REVIEWS
"IAI Radiology Location 4::Wed, Jan 28, 2026 12:00 AM",IAI:4,REVIEWS
"RADH Radiology Location 4::Mon, Dec 29, 2025 12:00 AM",RADH:4,REVIEWS
"RADG Radiology Location 1::Sat, Aug 23, 2025 12:00 AM",RADG:1,REVIEWS
"IAI Radiology Location 4::Thu, Jan 29, 2026 12:00 AM",IAI:4,REVIEWS
"RADH Radiology Location 4::Mon, Sep 22, 2025 12:00 AM",RADH:4,REVIEWS
"RADH Radiology Location 4::Sun, Dec 28, 2025 12:00 AM",RADH:4,REVIEWS
"RADG Radiology Location 1::Tue, Feb 10, 2026 12:00 AM",RADG:1,REVIEWS
"RADG Radiology Location 1::Sun, Oct 19, 2025 12:00 AM",RADG:1,REVIEWS
"RADG Radiology Location 1::Mon, Jul 14, 2025 12:00 AM",RADG:1,REVIEWS
"RADH Radiology Location 4::Sun, Sep 07, 2025 12:00 AM",RADH:4,REVIEWS
"IAI Radiology Location 4::Fri, Mar 13, 2026 12:00 AM",IAI:4,REVIEWS
"IAI Radiology Location 4::Thu, Oct 23, 2025 12:00 AM",IAI:4,REVIEWS
"IAI Radiology Location 4::Sun, Nov 23, 2025 12:00 AM",IAI:4,REVIEWS
"IAI Radiology Location 4::Wed, May 14, 2025 12:00 AM",IAI:4,REVIEWS
"RADG Radiology Location 1::Sun, Mar 15, 2026 12:00 AM",RADG:1,REVIEWS
"IAI Radiology Location 4::Fri, Dec 19, 2025 12:00 AM",IAI:4,REVIEWS
"RADH Radiology Location 4::Fri, Jan 02, 2026 12:00 AM",RADH:4,REVIEWS
"RADH Radiology Location 4::Mon, May 05, 2025 12:00 AM",RADH:4,REVIEWS
"RADH Radiology Location 4::Thu, Jan 08, 2026 12:00 AM",RADH:4,REVIEWS
"IAI Radiology Location 4::Tue, May 20, 2025 12:00 AM",IAI:4,REVIEWS
"RADH Radiology Location 4::Tue, Jul 08, 2025 12:00 AM",RADH:4,REVIEWS
"IAI Radiology Location 4::Mon, Jul 14, 2025 12:00 AM",IAI:4,REVIEWS
"IAI Radiology Location 4::Sat, Dec 20, 2025 12:00 AM",IAI:4,REVIEWS
"RADG Radiology Location 1::Wed, Apr 01, 2026 12:00 AM",RADG:1,REVIEWS
"RADG Radiology Location 1::Thu, Aug 21, 2025 12:00 AM",RADG:1,REVIEWS
"RADH Radiology Location 4::Sat, Feb 28, 2026 12:00 AM",RADH:4,REVIEWS
"IAI Radiology Location 4::Mon, Aug 11, 2025 12:00 AM",IAI:4,REVIEWS
"RADG Radiology Location 1::Thu, Mar 12, 2026 12:00 AM",RADG:1,REVIEWS
"RADH Radiology Location 4::Mon, Oct 20, 2025 12:00 AM",RADH:4,REVIEWS
"RADG Radiology Location 1::Tue, Aug 12, 2025 12:00 AM",RADG:1,REVIEWS
"IAI Radiology Location 4::Sat, Nov 29, 2025 12:00 AM",IAI:4,REVIEWS
"RADH Radiology Location 4::Sat, Jul 12, 2025 12:00 AM",RADH:4,REVIEWS
"IAI Radiology Location 4::Fri, Feb 20, 2026 12:00 AM",IAI:4,REVIEWS
"RADG Radiology Location 1::Tue, Sep 30, 2025 12:00 AM",RADG:1,REVIEWS
"RADG Radiology Location 1::Sun, Sep 07, 2025 12:00 AM",RADG:1,REVIEWS
"RADG Radiology Location 1::Wed, Jun 25, 2025 12:00 AM",RADG:1,REVIEWS
"RADH Radiology Location 4::Fri, Dec 19, 2025 12:00 AM",RADH:4,REVIEWS
"RADG Radiology Location 1::Thu, Jun 12, 2025 12:00 AM",RADG:1,REVIEWS
"RADG Radiology Location 1::Wed, Aug 13, 2025 12:00 AM",RADG:1,REVIEWS
"RADG Radiology Location 1::Mon, Feb 23, 2026 12:00 AM",RADG:1,REVIEWS
"IAI Radiology Location 4::Mon, Aug 04, 2025 12:00 AM",IAI:4,REVIEWS
"RADH Radiology Location 4::Sun, May 25, 2025 12:00 AM",RADH:4,REVIEWS
"RADG Radiology Location 1::Tue, Oct 21, 2025 12:00 AM",RADG:1,REVIEWS
"IAI Radiology Location 4::Thu, Oct 09, 2025 12:00 AM",IAI:4,REVIEWS
"RADG Radiology Location 1::Mon, Feb 09, 2026 12:00 AM",RADG:1,REVIEWS
"RADG Radiology Location 1::Mon, Jan 05, 2026 12:00 AM",RADG:1,REVIEWS
"IAI Radiology Location 4::Sat, Jun 21, 2025 12:00 AM",IAI:4,REVIEWS
"RADG Radiology Location 1::Thu, Oct 30, 2025 12:00 AM",RADG:1,REVIEWS
"RADH Radiology Location 4::Sun, Oct 12, 2025 12:00 AM",RADH:4,REVIEWS
"RADH Radiology Location 4::Tue, May 20, 2025 12:00 AM",RADH:4,REVIEWS
"IAI Radiology Location 4::Mon, Feb 09, 2026 12:00 AM",IAI:4,REVIEWS
"RADG Radiology Location 1::Wed, Oct 29, 2025 12:00 AM",RADG:1,REVIEWS
"RADH Radiology Location 4::Fri, Aug 22, 2025 12:00 AM",RADH:4,REVIEWS
"RADG Radiology Location 1::Sat, Nov 08, 2025 12:00 AM",RADG:1,REVIEWS
"IAI Radiology Location 4::Thu, Jul 03, 2025 12:00 AM",IAI:4,REVIEWS
"IAI Radiology Location 4::Thu, Nov 27, 2025 12:00 AM",IAI:4,REVIEWS
"IAI Radiology Location 4::Sat, Jun 28, 2025 12:00 AM",IAI:4,REVIEWS
"IAI Radiology Location 4::Mon, Mar 23, 2026 12:00 AM",IAI:4,REVIEWS
"IAI Radiology Location 4::Sat, Feb 21, 2026 12:00 AM",IAI:4,REVIEWS
"RADG Radiology Location 1::Fri, Mar 13, 2026 12:00 AM",RADG:1,REVIEWS
"RADG Radiology Location 1::Tue, Nov 18, 2025 12:00 AM",RADG:1,REVIEWS
"RADG Radiology Location 1::Mon, Aug 18, 2025 12:00 AM",RADG:1,REVIEWS
"RADH Radiology Location 4::Fri, Feb 27, 2026 12:00 AM",RADH:4,REVIEWS
"RADG Radiology Location 1::Wed, May 21, 2025 12:00 AM",RADG:1,REVIEWS
"IAI Radiology Location 4::Thu, Oct 16, 2025 12:00 AM",IAI:4,REVIEWS
"IAI Radiology Location 4::Fri, Aug 22, 2025 12:00 AM",IAI:4,REVIEWS
"RADG Radiology Location 1::Sun, Mar 08, 2026 12:00 AM",RADG:1,REVIEWS
"RADH Radiology Location 4::Tue, Dec 02, 2025 12:00 AM",RADH:4,REVIEWS
"RADG Radiology Location 1::Wed, Jan 28, 2026 12:00 AM",RADG:1,REVIEWS
"IAI Radiology Location 4::Tue, Dec 23, 2025 12:00 AM",IAI:4,REVIEWS
"RADG Radiology Location 1::Sun, Jun 08, 2025 12:00 AM",RADG:1,REVIEWS
"RADH Radiology Location 4::Sat, Jun 14, 2025 12:00 AM",RADH:4,REVIEWS
"IAI Radiology Location 4::Tue, Jul 29, 2025 12:00 AM",IAI:4,REVIEWS
"RADH Radiology Location 4::Mon, May 12, 2025 12:00 AM",RADH:4,REVIEWS
"RADH Radiology Location 4::Tue, Sep 16, 2025 12:00 AM",RADH:4,REVIEWS
"RADH Radiology Location 4::Sun, Nov 09, 2025 12:00 AM",RADH:4,REVIEWS
"RADG Radiology Location 1::Wed, Apr 22, 2026 12:00 AM",RADG:1,REVIEWS
"IAI Radiology Location 4::Thu, Nov 20, 2025 12:00 AM",IAI:4,REVIEWS
"IAI Radiology Location 4::Tue, Nov 11, 2025 12:00 AM",IAI:4,REVIEWS
"RADG Radiology Location 1::Fri, Jul 04, 2025 12:00 AM",RADG:1,REVIEWS
"RADG Radiology Location 1::Wed, Mar 18, 2026 12:00 AM",RADG:1,REVIEWS
"IAI Radiology Location 4::Mon, Sep 08, 2025 12:00 AM",IAI:4,REVIEWS
"RADG Radiology Location 1::Sat, Feb 14, 2026 12:00 AM",RADG:1,REVIEWS
"RADG Radiology Location 1::Mon, Feb 02, 2026 12:00 AM",RADG:1,REVIEWS
"IAI Radiology Location 4::Thu, Aug 14, 2025 12:00 AM",IAI:4,REVIEWS
"RADH Radiology Location 4::Sun, Sep 28, 2025 12:00 AM",RADH:4,REVIEWS
"RADG Radiology Location 1::Sat, May 24, 2025 12:00 AM",RADG:1,REVIEWS
"RADH Radiology Location 4::Fri, May 16, 2025 12:00 AM",RADH:4,REVIEWS
"RADG Radiology Location 1::Fri, Nov 28, 2025 12:00 AM",RADG:1,REVIEWS
"RADH Radiology Location 4::Mon, Mar 16, 2026 12:00 AM",RADH:4,REVIEWS
"RADH Radiology Location 4::Fri, Aug 29, 2025 12:00 AM",RADH:4,REVIEWS
"IAI Radiology Location 4::Mon, Apr 20, 2026 12:00 AM",IAI:4,REVIEWS
"IAI Radiology Location 4::Wed, Nov 05, 2025 12:00 AM",IAI:4,REVIEWS
"IAI Radiology Location 4::Fri, Mar 27, 2026 12:00 AM",IAI:4,REVIEWS
"IAI Radiology Location 4::Tue, Feb 24, 2026 12:00 AM",IAI:4,REVIEWS
"IAI Radiology Location 4::Thu, Feb 12, 2026 12:00 AM",IAI:4,REVIEWS
"IAI Radiology Location 4::Tue, Dec 30, 2025 12:00 AM",IAI:4,REVIEWS
"IAI Radiology Location 4::Sun, Mar 01, 2026 12:00 AM",IAI:4,REVIEWS
"RADH Radiology Location 4::Wed, Jun 11, 2025 12:00 AM",RADH:4,REVIEWS
"IAI Radiology Location 4::Wed, Oct 29, 2025 12:00 AM",IAI:4,REVIEWS
"RADG Radiology Location 1::Tue, Oct 28, 2025 12:00 AM",RADG:1,REVIEWS
"RADH Radiology Location 4::Thu, May 15, 2025 12:00 AM",RADH:4,REVIEWS
"RADG Radiology Location 1::Thu, Sep 04, 2025 12:00 AM",RADG:1,REVIEWS
"RADG Radiology Location 1::Sat, Jun 07, 2025 12:00 AM",RADG:1,REVIEWS
"IAI Radiology Location 4::Wed, Dec 10, 2025 12:00 AM",IAI:4,REVIEWS
"RADH Radiology Location 4::Thu, Dec 25, 2025 12:00 AM",RADH:4,REVIEWS
"RADH Radiology Location 4::Sat, Sep 27, 2025 12:00 AM",RADH:4,REVIEWS
"RADH Radiology Location 4::Fri, Oct 31, 2025 12:00 AM",RADH:4,REVIEWS
"RADH Radiology Location 4::Thu, Mar 19, 2026 12:00 AM",RADH:4,REVIEWS
"RADG Radiology Location 1::Wed, Dec 31, 2025 12:00 AM",RADG:1,REVIEWS
"IAI Radiology Location 4::Tue, Dec 02, 2025 12:00 AM",IAI:4,REVIEWS
"RADG Radiology Location 1::Sun, Aug 10, 2025 12:00 AM",RADG:1,REVIEWS
"IAI Radiology Location 4::Sat, Aug 30, 2025 12:00 AM",IAI:4,REVIEWS
"RADG Radiology Location 1::Sun, Sep 28, 2025 12:00 AM",RADG:1,REVIEWS
"RADG Radiology Location 1::Fri, Dec 26, 2025 12:00 AM",RADG:1,REVIEWS
"RADG Radiology Location 1::Wed, Jul 23, 2025 12:00 AM",RADG:1,REVIEWS
"RADH Radiology Location 4::Sat, Dec 27, 2025 12:00 AM",RADH:4,REVIEWS
"RADH Radiology Location 4::Wed, Mar 25, 2026 12:00 AM",RADH:4,REVIEWS
"IAI Radiology Location 4::Thu, May 15, 2025 12:00 AM",IAI:4,REVIEWS
"RADG Radiology Location 1::Tue, Jun 03, 2025 12:00 AM",RADG:1,REVIEWS
"RADG Radiology Location 1::Sat, Jan 03, 2026 12:00 AM",RADG:1,REVIEWS
"RADG Radiology Location 1::Mon, Sep 15, 2025 12:00 AM",RADG:1,REVIEWS
"RADG Radiology Location 1::Thu, Oct 02, 2025 12:00 AM",RADG:1,REVIEWS
"IAI Radiology Location 4::Sat, Apr 25, 2026 12:00 AM",IAI:4,REVIEWS
"RADH Radiology Location 4::Fri, Dec 05, 2025 12:00 AM",RADH:4,REVIEWS
"RADG Radiology Location 1::Wed, Jul 16, 2025 12:00 AM",RADG:1,REVIEWS
"RADG Radiology Location 1::Sat, Dec 13, 2025 12:00 AM",RADG:1,REVIEWS
"IAI Radiology Location 4::Mon, Sep 22, 2025 12:00 AM",IAI:4,REVIEWS
"RADH Radiology Location 4::Mon, Aug 04, 2025 12:00 AM",RADH:4,REVIEWS
"RADH Radiology Location 4::Thu, Oct 16, 2025 12:00 AM",RADH:4,REVIEWS
"RADH Radiology Location 4::Fri, Sep 26, 2025 12:00 AM",RADH:4,REVIEWS
"RADH Radiology Location 4::Tue, Jul 29, 2025 12:00 AM",RADH:4,REVIEWS
"RADH Radiology Location 4::Tue, Feb 03, 2026 12:00 AM",RADH:4,REVIEWS
"IAI Radiology Location 4::Wed, Jul 30, 2025 12:00 AM",IAI:4,REVIEWS
"RADH Radiology Location 4::Sun, May 04, 2025 12:00 AM",RADH:4,REVIEWS
"IAI Radiology Location 4::Sun, Dec 07, 2025 12:00 AM",IAI:4,REVIEWS
"RADH Radiology Location 4::Wed, Apr 15, 2026 12:00 AM",RADH:4,REVIEWS
"RADH Radiology Location 4::Sun, Mar 01, 2026 12:00 AM",RADH:4,REVIEWS
"RADG Radiology Location 1::Fri, Dec 05, 2025 12:00 AM",RADG:1,REVIEWS
"RADH Radiology Location 4::Mon, Dec 01, 2025 12:00 AM",RADH:4,REVIEWS
"RADG Radiology Location 1::Sun, Jul 27, 2025 12:00 AM",RADG:1,REVIEWS
"RADG Radiology Location 1::Tue, Jan 06, 2026 12:00 AM",RADG:1,REVIEWS
"IAI Radiology Location 4::Wed, Feb 11, 2026 12:00 AM",IAI:4,REVIEWS
"IAI Radiology Location 4::Thu, Feb 19, 2026 12:00 AM",IAI:4,REVIEWS
"RADG Radiology Location 1::Sun, Aug 17, 2025 12:00 AM",RADG:1,REVIEWS
"IAI Radiology Location 4::Thu, Oct 02, 2025 12:00 AM",IAI:4,REVIEWS
"RADH Radiology Location 4::Mon, Mar 30, 2026 12:00 AM",RADH:4,REVIEWS
"RADH Radiology Location 4::Sat, Apr 11, 2026 12:00 AM",RADH:4,REVIEWS
"IAI Radiology Location 4::Wed, Aug 13, 2025 12:00 AM",IAI:4,REVIEWS
"RADG Radiology Location 1::Fri, Oct 10, 2025 12:00 AM",RADG:1,REVIEWS
"RADG Radiology Location 1::Fri, Feb 13, 2026 12:00 AM",RADG:1,REVIEWS
"RADG Radiology Location 1::Sat, Jul 26, 2025 12:00 AM",RADG:1,REVIEWS
"RADG Radiology Location 1::Mon, Jan 26, 2026 12:00 AM",RADG:1,REVIEWS
"IAI Radiology Location 4::Thu, Dec 11, 2025 12:00 AM",IAI:4,REVIEWS
"IAI Radiology Location 4::Wed, Mar 25, 2026 12:00 AM",IAI:4,REVIEWS
"RADH Radiology Location 4::Thu, May 08, 2025 12:00 AM",RADH:4,REVIEWS
"RADG Radiology Location 1::Sun, Apr 05, 2026 12:00 AM",RADG:1,REVIEWS
"IAI Radiology Location 4::Tue, May 06, 2025 12:00 AM",IAI:4,REVIEWS
"IAI Radiology Location 4::Sun, Nov 30, 2025 12:00 AM",IAI:4,REVIEWS
"RADG Radiology Location 1::Mon, Jun 09, 2025 12:00 AM",RADG:1,REVIEWS
"IAI Radiology Location 4::Wed, Mar 18, 2026 12:00 AM",IAI:4,REVIEWS
